0.875913E-3,0.111582E-2,0.117522E-3,0.123900E-3,0.151215E-2,0.00000
0.936324E-6,0.149241E-2,0.107948E-3,0.209170E-2,0.701152E-3,0.448570E-6
0.661975E-4,0.158305E-2,0.157937E-2,0.554778E-3,0.834079E-4,0.207254E-6
0.885732E-3,0.134070E-2,0.876024E-4,0.156840E-2,0.346055E-3,0.116910E-5
0.251634E-3,0.211083E-2,0.770740E-3,0.717347E-3,0.343645E-3,0.606307E-5
0.703539E-3,0.122548E-2,0.322457E-3,0.484744E-3,0.492374E-3,0.00000
0.144369E-2,0.245624E-2,0.468257E-3,0.110561E-2,0.345749E-3,0.819916E-7
0.262776E-2,0.00000,0.141769E-2,0.795568E-3,0.688741E-3,0.00000
0.949912E-3,0.973325E-3,0.234691E-3,0.219145E-3,0.198275E-4,0.00000
0.124153E-4,0.207571E-3,0.184833E-3,0.116760E-2,0.792101E-3,0.535753E-4
0.144054E-2,0.685439E-2,0.119019E-3,0.159434E-2,0.677669E-2,0.00000
0.366205E-3,0.234505E-3,0.197489E-2,0.478702E-3,0.154169E-2,0.00000
0.142852E-2,0.724376E-5,0.147170E-2,0.181829E-2,0.209116E-2,0.00000
0.281865E-5,0.444872E-3,0.137653E-2,0.272369E-2,0.118476E-2,0.207944E-5
NaN,NaN,NaN,NaN,NaN,NaN
0.255331E-2,0.424929E-5,0.00000,0.00000,0.00000,0.173836E-2
NaN,NaN,NaN,NaN,NaN,NaN
0.136424E-6,0.835686E-3,0.340447E-4,0.219644E-3,0.175247E-2,0.181867E-2
0.649739E-3,0.922333E-3,0.377221E-3,0.863960E-3,0.150852E-2,0.974898E-4
0.972382E-4,0.566928E-4,0.327697E-2,0.696499E-2,0.387487E-2,0.00000
0.120656E-2,0.448657E-4,0.00000,0.00000,0.329731E-2,0.135999E-2
0.189391E-2,0.129387E-3,0.764911E-3,0.548952E-3,0.200886E-2,0.00000
0.240257E-3,0.100950E-2,0.566566E-4,0.172445E-2,0.993727E-3,0.00000
0.135745E-2,0.383694E-3,0.153751E-2,0.292682E-2,0.197985E-2,0.561812E-6
NaN,NaN,NaN,NaN,NaN,NaN
0.137028E-2,0.163230E-2,0.736792E-4,0.313007E-3,0.481930E-3,0.00000
0.619823E-3,0.526499E-3,0.166128E-4,0.100946E-2,0.102534E-2,0.00000
0.292557E-5,0.493602E-2,0.325494E-2,0.299845E-2,0.157909E-3,0.00000
0.774032E-4,0.156931E-3,0.554918E-2,0.296957E-2,0.650455E-3,0.489643E-5
0.443449E-4,0.635479E-3,0.241537E-3,0.117766E-2,0.564834E-4,0.00000
0.365836E-2,0.330827E-2,0.204629E-2,0.134912E-3,0.390672E-2,0.00000
0.125599E-2,0.135854E-2,0.652520E-3,0.173730E-5,0.162158E-2,0.00000
0.276385E-3,0.738381E-3,0.539063E-3,0.199122E-2,0.108881E-2,0.00000
0.105493E-2,0.284360E-4,0.372754E-7,0.281925E-3,0.115650E-2,0.404388E-7
0.00000,0.990590E-3,0.594122E-3,0.678652E-3,0.216601E-4,0.617494E-7
0.447094E-4,0.416381E-3,0.972492E-3,0.102346E-2,0.283155E-4,0.00000
0.587158E-3,0.400926E-2,0.481469E-2,0.203069E-2,0.115872E-3,0.00000
0.00000,0.128521E-2,0.110294E-3,0.758772E-5,0.180336E-2,0.603661E-3
0.104792E-2,0.126846E-2,0.716319E-4,0.689408E-4,0.205353E-2,0.00000
0.395126E-3,0.435806E-3,0.158450E-2,0.449374E-3,0.186956E-2,0.00000
0.237865E-3,0.132262E-2,0.217301E-2,0.928255E-3,0.870904E-3,0.321871E-4
0.125747E-3,0.994628E-3,0.105455E-2,0.185093E-2,0.678527E-3,0.00000
0.316665E-3,0.300067E-2,0.272382E-2,0.124984E-2,0.126619E-3,0.00000
0.221268E-3,0.939875E-3,0.285068E-2,0.218239E-2,0.136196E-4,0.00000
0.221426E-2,0.316085E-3,0.250695E-2,0.532151E-3,0.320526E-3,0.00000
NaN,NaN,NaN,NaN,NaN,NaN
0.567019E-2,0.708317E-2,0.172635E-2,0.249349E-2,0.262866E-2,0.00000
0.829250E-5,0.849099E-3,0.376288E-3,0.605980E-3,0.347755E-3,0.247250E-5
0.439348E-2,0.497008E-3,0.173605E-3,0.958414E-3,0.105373E-2,0.00000
0.240242E-2,0.156170E-3,0.114536E-2,0.337427E-3,0.154168E-4,0.00000
NaN,NaN,NaN,NaN,NaN,NaN
NaN,NaN,NaN,NaN,NaN,NaN
0.746151E-6,0.925355E-3,0.200322E-2,0.101506E-3,0.746554E-3,0.509437E-4
0.158886E-2,0.796385E-3,0.343748E-4,0.178052E-2,0.356945E-3,0.165650E-5
0.876909E-3,0.325775E-3,0.116642E-3,0.766362E-3,0.337962E-3,0.852755E-6
0.115745E-2,0.248474E-2,0.107058E-3,0.404405E-3,0.981733E-3,0.00000
0.165945E-3,0.201498E-2,0.176448E-2,0.128174E-2,0.208737E-4,0.00000
0.807616E-3,0.723779E-3,0.771480E-5,0.519418E-4,0.571823E-3,0.528169E-6
0.108542E-3,0.193253E-2,0.170088E-3,0.186071E-2,0.843831E-3,0.547861E-4
0.221144E-2,0.612886E-2,0.465769E-2,0.165429E-4,0.530749E-3,0.00000
0.279576E-3,0.531518E-4,0.132800E-2,0.373404E-3,0.105737E-2,0.00000
0.451955E-3,0.195373E-3,0.564150E-3,0.170179E-3,0.108288E-2,0.00000
0.122215E-1,0.263023E-1,0.379663E-2,0.547428E-3,0.981203E-2,0.00000
0.167937E-1,0.777795E-2,0.105609E-2,0.489613E-1,0.112895E-2,0.00000
0.119292E-3,0.228961E-2,0.189031E-2,0.243271E-2,0.414268E-3,0.286477E-5
0.273281E-3,0.289273E-3,0.592833E-4,0.360588E-3,0.149976E-2,0.00000
0.151721E-2,0.202254E-3,0.206976E-2,0.188046E-3,0.159419E-2,0.00000
0.205529E-3,0.245037E-2,0.694010E-5,0.443765E-3,0.279154E-3,0.00000
NaN,NaN,NaN,NaN,NaN,NaN
0.953652E-3,0.130658E-2,0.105168E-2,0.500795E-4,0.115576E-3,0.00000
0.175332E-2,0.00000,0.186599E-2,0.00000,0.289354E-2,0.00000
0.131901E-2,0.131448E-2,0.372362E-2,0.114301E-2,0.00000,0.171988E-2
0.875515E-2,0.720407E-2,0.433203E-2,0.326307E-2,0.184180E-1,0.00000
0.796296E-3,0.922607E-3,0.149961E-2,0.236043E-2,0.274431E-2,0.00000
0.368138E-4,0.837217E-3,0.359500E-3,0.185724E-2,0.379887E-4,0.00000
0.299989E-2,0.513483E-3,0.00000,0.427071E-3,0.330198E-3,0.154387E-2
0.138808E-3,0.305947E-3,0.129029E-2,0.101665E-2,0.506229E-3,0.00000
0.722321E-3,0.299985E-3,0.989032E-4,0.130553E-2,0.916670E-3,0.479208E-3
0.131601E-2,0.137469E-4,0.329509E-3,0.413329E-2,0.389787E-3,0.244597E-6
0.843495E-3,0.524141E-4,0.130378E-1,0.411549E-2,0.253679E-2,0.00000
0.170198E-2,0.375567E-4,0.974432E-6,0.932297E-3,0.141544E-2,0.00000
0.170785E-2,0.432560E-2,0.00000,0.366231E-2,0.978323E-3,0.266276E-2
0.579161E-2,0.474030E-2,0.273720E-2,0.389203E-2,0.501570E-3,0.00000
0.670276E-4,0.731930E-3,0.121518E-2,0.117143E-2,0.899914E-3,0.00000
NaN,NaN,NaN,NaN,NaN,NaN
0.244820E-2,0.452626E-2,0.347149E-7,0.151574E-2,0.986056E-3,0.208137E-3
0.582951E-3,0.00000,0.00000,0.541726E-2,0.691544E-2,0.114273E-1
0.226085E-2,0.458036E-4,0.239699E-2,0.224391E-3,0.202596E-2,0.00000
0.108126E-2,0.201189E-3,0.216568E-2,0.613157E-3,0.222768E-2,0.00000
0.151595E-2,0.350958E-2,0.322647E-2,0.119850E-3,0.381890E-2,0.00000
0.109751E-2,0.195180E-2,0.502435E-4,0.306056E-2,0.179428E-3,0.00000
0.824130E-4,0.311109E-2,0.176449E-2,0.453500E-3,0.106059E-3,0.00000
0.942640E-3,0.748702E-5,0.237631E-3,0.165159E-2,0.252792E-2,0.219305E-3
0.694994E-3,0.837969E-3,0.367846E-3,0.139309E-2,0.327648E-3,0.00000
0.177599E-3,0.123390E-3,0.120758E-2,0.148856E-2,0.106458E-2,0.00000
0.249584E-2,0.218458E-2,0.280203E-2,0.233195E-2,0.339700E-2,0.00000
0.162451E-2,0.426670E-3,0.216070E-2,0.124341E-3,0.223885E-3,0.00000
0.350318E-2,0.558458E-2,0.403447E-3,0.320175E-2,0.140669E-3,0.00000
0.720286E-3,0.114767E-2,0.534054E-3,0.448548E-3,0.136791E-3,0.126142E-5
0.471623E-3,0.745826E-2,0.571456E-3,0.558128E-2,0.504790E-4,0.00000
0.183718E-2,0.171365E-3,0.342664E-4,0.378994E-3,0.138610E-2,0.00000
0.364833E-3,0.336604E-3,0.586103E-4,0.00000,0.522126E-3,0.177941E-2
0.150715E-2,0.143461E-4,0.756223E-4,0.107891E-3,0.173750E-2,0.802037E-6
0.508872E-3,0.109393E-2,0.123711E-2,0.126836E-2,0.184479E-3,0.00000
0.573091E-3,0.139245E-3,0.892675E-3,0.246159E-2,0.519013E-4,0.00000
NaN,NaN,NaN,NaN,NaN,NaN
0.295109E-3,0.144654E-2,0.307794E-3,0.114805E-2,0.185541E-6,0.00000
0.150352E-2,0.100086E-2,0.123876E-2,0.141302E-2,0.205901E-2,0.00000
0.406355E-2,0.252828E-2,0.220561E-2,0.232540E-2,0.149573E-2,0.280764E-3
0.184881E-2,0.339645E-3,0.924303E-4,0.100454E-2,0.233474E-2,0.00000
NaN,NaN,NaN,NaN,NaN,NaN
0.122724E-2,0.128183E-3,0.586353E-3,0.320928E-3,0.156260E-3,0.640918E-3
NaN,NaN,NaN,NaN,NaN,NaN
0.582143E-3,0.766846E-3,0.419837E-3,0.137072E-2,0.500081E-3,0.557581E-3
0.103225E-2,0.127959E-2,0.159290E-6,0.849386E-3,0.970615E-6,0.973538E-3
0.859173E-3,0.934103E-3,0.129119E-2,0.984846E-4,0.161203E-4,0.00000
0.703097E-3,0.650067E-3,0.992568E-3,0.566208E-3,0.133116E-2,0.00000
NaN,NaN,NaN,NaN,NaN,NaN
0.109760E-2,0.421049E-3,0.638166E-4,0.204049E-2,0.845598E-3,0.957956E-3
0.106428E-3,0.211400E-2,0.590881E-3,0.373549E-2,0.267405E-2,0.00000
0.429357E-3,0.106649E-2,0.375876E-3,0.875488E-3,0.816700E-4,0.00000
0.235655E-3,0.102504E-4,0.136276E-2,0.142166E-2,0.995689E-4,0.490126E-7
0.290546E-4,0.174461E-2,0.435488E-3,0.371008E-2,0.780407E-3,0.00000
0.188679E-3,0.618656E-6,0.123402E-2,0.848339E-3,0.00000,0.161331E-2
0.138026E-1,0.386500E-2,0.458771E-4,0.721961E-2,0.494624E-3,0.00000
0.223871E-3,0.118527E-2,0.194242E-2,0.328949E-3,0.475782E-2,0.00000
0.270160E-3,0.00000,0.313793E-3,0.524805E-3,0.808692E-3,0.179277E-2
0.128071E-2,0.229352E-2,0.319024E-2,0.524740E-4,0.278505E-2,0.00000
NaN,NaN,NaN,NaN,NaN,NaN
0.369356E-3,0.142188E-3,0.932020E-3,0.156144E-2,0.576766E-3,0.00000
0.579805E-3,0.384993E-3,0.287246E-3,0.130011E-2,0.265527E-3,0.262168E-5
0.196481E-2,0.729789E-3,0.191814E-2,0.692871E-4,0.174097E-2,0.00000
NaN,NaN,NaN,NaN,NaN,NaN
0.324524E-2,0.127212E-2,0.527306E-3,0.556913E-3,0.311547E-4,0.00000
0.115153E-2,0.171077E-2,0.165839E-2,0.249882E-3,0.876387E-3,0.216099E-3
0.386196E-3,0.332088E-3,0.265789E-3,0.413736E-3,0.239633E-2,0.00000
0.332364E-5,0.321491E-2,0.107558E-2,0.117135E-2,0.153200E-2,0.144488E-4
0.968416E-3,0.00000,0.132255E-2,0.477115E-3,0.131694E-2,0.130122E-2
0.380958E-3,0.00000,0.329289E-2,0.122804E-2,0.00000,0.276536E-2
0.261139E-3,0.476666E-5,0.221587E-2,0.700447E-3,0.230402E-4,0.00000
0.320955E-2,0.307386E-2,0.405670E-3,0.211155E-3,0.807893E-3,0.00000
0.559937E-3,0.114474E-2,0.930616E-3,0.937337E-3,0.228193E-2,0.776062E-4
0.202140E-2,0.288501E-2,0.932898E-3,0.306262E-3,0.289862E-5,0.00000
0.348475E-3,0.268059E-2,0.242363E-2,0.314845E-3,0.151807E-2,0.00000
0.558799E-3,0.685017E-3,0.00000,0.202745E-2,0.101566E-2,0.149354E-2
0.109758E-3,0.712100E-3,0.243009E-3,0.153437E-2,0.157113E-2,0.00000
0.775646E-3,0.603313E-4,0.718277E-3,0.139632E-2,0.232685E-3,0.594934E-3
NaN,NaN,NaN,NaN,NaN,NaN
0.240500E-3,0.111028E-2,0.994713E-3,0.179384E-2,0.181119E-2,0.00000
0.159743E-2,0.496958E-2,0.00000,0.498197E-4,0.954286E-4,0.747490E-7
0.125966E-2,0.998140E-4,0.201039E-2,0.148774E-2,0.223308E-3,0.00000
0.958571E-2,0.561057E-2,0.219423E-1,0.119530E-1,0.477918E-2,0.00000
0.297826E-3,0.891680E-6,0.118663E-5,0.722112E-3,0.103499E-2,0.311538E-3
0.297315E-2,0.475879E-3,0.219807E-3,0.264122E-3,0.224474E-2,0.00000
0.753371E-3,0.271725E-2,0.144824E-2,0.136050E-2,0.443213E-3,0.00000
0.712030E-3,0.167870E-2,0.00000,0.118526E-2,0.00000,0.142308E-2
0.552183E-3,0.578169E-4,0.180495E-2,0.267131E-3,0.125524E-3,0.00000
0.131215E-2,0.110563E-2,0.200320E-2,0.600009E-2,0.118608E-2,0.00000
0.795578E-3,0.572947E-3,0.198708E-2,0.316094E-3,0.504280E-3,0.00000
NaN,NaN,NaN,NaN,NaN,NaN
NaN,NaN,NaN,NaN,NaN,NaN
0.00000,0.343710E-2,0.00000,0.00000,0.871640E-3,0.225984E-2
0.359906E-2,0.935627E-3,0.458173E-3,0.210257E-3,0.424956E-2,0.00000
0.504094E-3,0.167669E-2,0.375157E-3,0.311612E-2,0.519598E-3,0.00000
0.132563E-3,0.985806E-3,0.576365E-3,0.345005E-3,0.364787E-3,0.110702E-6
0.137913E-2,0.101397E-2,0.273179E-2,0.289439E-2,0.235432E-6,0.145507E-4
0.444389E-3,0.594264E-4,0.595096E-3,0.127476E-2,0.118187E-2,0.00000
0.592357E-4,0.158562E-2,0.222823E-2,0.122555E-2,0.120016E-3,0.00000
0.522571E-2,0.175779E-2,0.223620E-3,0.335595E-2,0.175040E-2,0.00000
0.163959E-2,0.743907E-3,0.617097E-3,0.563137E-3,0.152758E-2,0.00000
0.394855E-4,0.223198E-2,0.215622E-2,0.182512E-3,0.210549E-2,0.00000
0.252909E-2,0.169589E-3,0.200536E-2,0.631548E-2,0.126934E-2,0.00000
0.375553E-2,0.192690E-3,0.499930E-2,0.200753E-2,0.131773E-2,0.00000
0.673739E-4,0.624226E-3,0.289198E-2,0.363342E-2,0.245376E-2,0.00000
0.777328E-3,0.190432E-2,0.228895E-3,0.143036E-2,0.352103E-2,0.00000
0.111482E-2,0.150193E-2,0.284870E-2,0.194494E-2,0.147151E-2,0.161580E-4
0.399659E-2,0.271787E-3,0.122213E-1,0.364017E-2,0.247697E-3,0.00000
0.201385E-3,0.219148E-3,0.453852E-3,0.181487E-2,0.259787E-2,0.00000
0.930505E-3,0.922937E-3,0.490311E-4,0.182307E-2,0.198373E-2,0.154126E-5
0.127057E-2,0.349906E-2,0.378401E-4,0.511634E-3,0.502532E-3,0.00000
0.400316E-4,0.843130E-4,0.421105E-3,0.119281E-2,0.106963E-2,0.00000
0.509159E-3,0.225964E-2,0.166575E-2,0.510096E-4,0.504505E-3,0.00000
0.105400E-3,0.495620E-2,0.974396E-2,0.669257E-2,0.478802E-3,0.00000
0.346477E-2,0.106539E-2,0.333584E-2,0.194816E-3,0.250234E-2,0.402041E-4
0.203826E-2,0.358831E-2,0.126764E-2,0.178603E-3,0.652371E-3,0.00000
0.972225E-3,0.673336E-2,0.119552E-2,0.407696E-2,0.107558E-4,0.179405E-3
0.152000E-2,0.111399E-4,0.116508E-2,0.461573E-4,0.141101E-2,0.00000
0.161087E-1,0.155322E-1,0.00000,0.00000,0.00000,0.194617E-1
0.469921E-3,0.668989E-4,0.406254E-4,0.364984E-3,0.104302E-2,0.00000
NaN,NaN,NaN,NaN,NaN,NaN
0.703678E-4,0.309054E-2,0.173501E-2,0.610917E-4,0.563808E-2,0.00000
0.189553E-4,0.142797E-4,0.595970E-5,0.860911E-3,0.126866E-2,0.125183E-2
0.517599E-3,0.326110E-2,0.366640E-2,0.710645E-3,0.604929E-4,0.00000
0.253410E-2,0.589163E-6,0.255540E-3,0.157928E-2,0.101090E-2,0.00000
0.272828E-5,0.858543E-3,0.187490E-6,0.732688E-3,0.167931E-2,0.143600E-2
0.00000,0.00000,0.00000,0.160729E-4,0.900045E-3,0.352806E-2
0.274310E-2,0.113627E-3,0.694281E-2,0.220154E-2,0.300502E-3,0.00000
0.575226E-3,0.780909E-3,0.136011E-3,0.00000,0.115364E-2,0.134448E-2
0.583556E-3,0.586508E-4,0.214040E-3,0.152343E-2,0.228577E-2,0.00000
0.991948E-3,0.790171E-3,0.231557E-4,0.124619E-3,0.306659E-2,0.00000
0.151730E-3,0.181858E-2,0.149811E-2,0.479190E-3,0.316114E-3,0.00000
0.132060E-2,0.941050E-3,0.140342E-2,0.229131E-4,0.807211E-4,0.899450E-7
0.288024E-1,0.144702E-1,0.00000,0.277067E-1,0.00000,0.225011E-1
0.584192E-3,0.658561E-4,0.402056E-3,0.101811E-2,0.250776E-4,0.101512E-4
0.122283E-2,0.102371E-2,0.466012E-3,0.372076E-2,0.00000,0.998546E-3
0.494687E-4,0.117966E-2,0.810246E-2,0.231470E-2,0.505173E-3,0.00000
0.412082E-2,0.510019E-3,0.189229E-2,0.163658E-2,0.303088E-2,0.294389E-4
0.611098E-3,0.308721E-3,0.218348E-2,0.215177E-2,0.103688E-4,0.00000
0.213582E-1,0.151818E-2,0.138120E-1,0.350084E-2,0.240535E-1,0.00000
0.194688E-2,0.782502E-3,0.399619E-2,0.116194E-2,0.237980E-2,0.485250E-5
0.229129E-2,0.528678E-2,0.288194E-2,0.638363E-3,0.535053E-2,0.00000
0.356970E-2,0.922297E-3,0.222679E-3,0.240633E-2,0.842885E-6,0.00000
0.333505E-5,0.201816E-3,0.825505E-3,0.174639E-3,0.730082E-3,0.693620E-4
0.744583E-3,0.217584E-3,0.756875E-3,0.298994E-3,0.242613E-2,0.00000
0.156833E-2,0.160072E-2,0.106337E-2,0.437636E-3,0.242750E-3,0.00000
0.730951E-4,0.912575E-4,0.646180E-4,0.735701E-3,0.114460E-2,0.00000
0.180945E-2,0.109529E-2,0.555472E-3,0.997581E-4,0.583197E-3,0.125284E-2
0.611060E-4,0.428769E-3,0.372155E-2,0.363476E-2,0.185796E-2,0.371070E-6
0.437504E-2,0.744758E-2,0.503757E-3,0.684543E-3,0.306942E-2,0.00000
0.183797E-3,0.290886E-3,0.257753E-2,0.237132E-2,0.169918E-2,0.782830E-5
0.00000,0.176728E-2,0.932701E-3,0.00000,0.390159E-6,0.298417E-2
NaN,NaN,NaN,NaN,NaN,NaN
0.196872E-2,0.528585E-3,0.570935E-5,0.314933E-2,0.645911E-3,0.00000
0.922478E-3,0.232512E-3,0.184792E-2,0.997612E-3,0.247553E-3,0.651921E-3
0.284406E-2,0.173628E-2,0.130328E-3,0.169552E-2,0.226225E-2,0.00000
0.452251E-2,0.475665E-3,0.00000,0.309206E-2,0.113220E-2,0.00000
0.373570E-3,0.558697E-5,0.218627E-3,0.180008E-3,0.153979E-2,0.00000
0.469390E-3,0.778921E-3,0.138286E-2,0.255596E-4,0.413655E-4,0.00000
0.134397E-2,0.00000,0.00000,0.551827E-2,0.680502E-2,0.312245E-2
0.180470E-6,0.508831E-2,0.136662E-2,0.405975E-2,0.124166E-2,0.00000
0.203801E-1,0.698947E-2,0.839823E-3,0.598517E-3,0.235650E-2,0.00000
0.850282E-3,0.950209E-3,0.394737E-4,0.155108E-2,0.237420E-2,0.00000
NaN,NaN,NaN,NaN,NaN,NaN
0.979479E-3,0.868676E-3,0.666241E-3,0.382785E-3,0.177554E-3,0.543976E-5
0.555051E-2,0.631606E-4,0.115339E-2,0.983484E-3,0.179836E-2,0.428537E-4
0.747029E-3,0.365649E-3,0.208759E-3,0.127224E-2,0.685259E-3,0.00000
0.800421E-3,0.152990E-6,0.354145E-2,0.358738E-3,0.457473E-3,0.00000
0.776389E-3,0.00000,0.242953E-6,0.165415E-2,0.342529E-3,0.117551E-2
0.280876E-2,0.245916E-3,0.678548E-3,0.969600E-4,0.786033E-3,0.394813E-4
0.416408E-3,0.535454E-5,0.494650E-3,0.129410E-2,0.101133E-2,0.00000
0.375675E-5,0.155367E-2,0.102684E-2,0.485738E-3,0.970843E-4,0.656810E-4
0.207469E-2,0.170486E-2,0.593325E-3,0.138850E-5,0.176620E-5,0.00000
0.00000,0.00000,0.715570E-3,0.102095E-7,0.644673E-3,0.244162E-2
NaN,NaN,NaN,NaN,NaN,NaN
0.00000,0.102941E-2,0.00000,0.152716E-3,0.374893E-2,0.257027E-2
0.285772E-2,0.397701E-3,0.139450E-2,0.712084E-3,0.103875E-2,0.00000
0.879737E-3,0.127262E-2,0.545376E-3,0.122265E-2,0.742472E-4,0.00000
0.890094E-3,0.727432E-3,0.265913E-3,0.155762E-3,0.747003E-6,0.171091E-7
0.887081E-3,0.656150E-3,0.775763E-2,0.345778E-2,0.533987E-3,0.00000
0.147390E-2,0.835762E-3,0.169034E-2,0.460091E-5,0.193080E-2,0.939173E-4
NaN,NaN,NaN,NaN,NaN,NaN
0.243982E-5,0.272794E-2,0.995261E-7,0.00000,0.00000,0.340322E-2
0.142269E-2,0.931994E-3,0.189923E-2,0.217713E-4,0.322543E-3,0.00000
0.169105E-2,0.701213E-7,0.265694E-2,0.280811E-3,0.154496E-2,0.854454E-6
NaN,NaN,NaN,NaN,NaN,NaN
0.740003E-2,0.316375E-1,0.135549E-1,0.207098E-2,0.237921E-1,0.00000
0.00000,0.504982E-3,0.132035E-2,0.166327E-2,0.335774E-3,0.184806E-2
0.941872E-3,0.916259E-6,0.154361E-2,0.701093E-6,0.290741E-2,0.116877E-2
0.126643E-1,0.200609E-2,0.165905E-1,0.145758E-1,0.246427E-2,0.00000
0.267962E-3,0.893122E-3,0.940570E-4,0.205368E-2,0.916468E-4,0.00000
0.933120E-3,0.607440E-4,0.947419E-3,0.159165E-2,0.143894E-2,0.00000
0.810056E-4,0.769908E-2,0.907958E-3,0.923010E-4,0.374781E-2,0.00000
0.131390E-2,0.128120E-2,0.135906E-2,0.492080E-3,0.451821E-3,0.00000
0.930047E-4,0.171759E-2,0.146983E-2,0.424652E-3,0.694540E-4,0.00000
0.299235E-4,0.185873E-2,0.829287E-2,0.205269E-2,0.202301E-2,0.00000
0.217925E-2,0.161329E-3,0.230032E-2,0.138630E-2,0.318295E-2,0.00000
0.124993E-2,0.413787E-3,0.917527E-3,0.457593E-4,0.133653E-2,0.00000
0.117646E-3,0.108519E-4,0.397814E-3,0.100656E-2,0.138474E-2,0.709753E-3
0.915598E-3,0.327511E-3,0.964253E-3,0.00000,0.213303E-2,0.00000
0.148048E-2,0.140278E-2,0.363741E-3,0.467837E-3,0.605487E-3,0.00000
0.397712E-2,0.195000E-2,0.248616E-3,0.331014E-2,0.721273E-4,0.00000
0.557667E-3,0.300003E-2,0.123279E-3,0.872351E-3,0.406314E-5,0.00000
0.978959E-3,0.396761E-4,0.890253E-3,0.278533E-3,0.675138E-3,0.00000
0.224308E-3,0.171355E-2,0.142878E-3,0.630929E-3,0.150991E-3,0.00000
0.648618E-3,0.149709E-3,0.195730E-4,0.981632E-4,0.137452E-2,0.00000
0.923934E-3,0.986062E-3,0.107494E-2,0.679861E-3,0.567099E-4,0.00000
0.152333E-2,0.929648E-2,0.575377E-2,0.499711E-2,0.945395E-2,0.00000
0.119019E-2,0.152146E-2,0.383712E-2,0.955775E-4,0.562780E-2,0.00000
0.565615E-4,0.232504E-2,0.228524E-2,0.319668E-5,0.217183E-2,0.544163E-3
0.331763E-2,0.123130E-2,0.327083E-4,0.102077E-3,0.119182E-3,0.158034E-4
0.412517E-3,0.583698E-4,0.273411E-2,0.717417E-3,0.125759E-2,0.357867E-7
0.988798E-3,0.00000,0.00000,0.238535E-2,0.00000,0.697208E-2
0.105761E-2,0.147069E-2,0.694845E-4,0.194826E-3,0.519237E-2,0.00000
NaN,NaN,NaN,NaN,NaN,NaN
NaN,NaN,NaN,NaN,NaN,NaN
0.382928E-4,0.320962E-2,0.486366E-3,0.194152E-2,0.567387E-3,0.00000
0.335243E-3,0.777398E-3,0.864215E-3,0.434904E-6,0.213143E-3,0.541454E-3
0.129424E-3,0.196999E-2,0.242948E-3,0.238327E-4,0.123270E-2,0.00000
0.359017E-3,0.758638E-3,0.00000,0.156166E-3,0.118303E-2,0.194421E-2
0.584665E-7,0.158078E-2,0.508404E-2,0.501075E-2,0.358657E-2,0.159495E-2
0.242844E-3,0.896396E-3,0.374138E-3,0.345843E-2,0.249706E-2,0.00000
0.693042E-3,0.145028E-2,0.127309E-3,0.107596E-4,0.642896E-3,0.564747E-7
0.368141E-4,0.165864E-2,0.174974E-3,0.115215E-3,0.433559E-3,0.319924E-6
0.404585E-2,0.455189E-3,0.159539E-2,0.219336E-2,0.408900E-3,0.00000
0.339894E-4,0.176367E-3,0.139176E-2,0.343830E-4,0.862632E-3,0.00000
0.00000,0.129329E-2,0.154394E-2,0.167917E-3,0.418629E-2,0.238355E-2
0.511211E-4,0.115824E-2,0.925990E-3,0.787338E-4,0.962680E-3,0.00000
0.239521E-2,0.102013E-2,0.143972E-3,0.171052E-2,0.154041E-3,0.322778E-5
0.153256E-2,0.721644E-3,0.117823E-3,0.958889E-3,0.352046E-3,0.00000
0.425947E-4,0.178637E-2,0.347082E-3,0.156384E-2,0.157850E-2,0.00000
0.323574E-3,0.378868E-4,0.793804E-3,0.114895E-2,0.972734E-3,0.00000
0.137482E-2,0.858222E-3,0.116907E-2,0.107319E-2,0.507864E-3,0.00000
0.108294E-3,0.294148E-3,0.552146E-3,0.132378E-2,0.115604E-2,0.00000
NaN,NaN,NaN,NaN,NaN,NaN
0.450301E-3,0.129681E-2,0.496160E-6,0.848102E-4,0.975973E-3,0.220880E-3
0.846901E-2,0.297565E-3,0.425528E-2,0.554140E-2,0.226645E-3,0.00000
0.119723E-4,0.387303E-3,0.292943E-3,0.355937E-2,0.699794E-3,0.00000
0.201377E-2,0.663887E-3,0.840796E-3,0.104521E-2,0.873310E-4,0.00000
0.311898E-2,0.200010E-3,0.812396E-3,0.274008E-2,0.367215E-3,0.00000
0.284280E-2,0.780904E-3,0.284269E-2,0.163673E-2,0.211070E-3,0.00000
0.546939E-2,0.413819E-2,0.654281E-3,0.490762E-2,0.487787E-3,0.00000
NaN,NaN,NaN,NaN,NaN,NaN
NaN,NaN,NaN,NaN,NaN,NaN
0.231419E-2,0.100784E-3,0.590542E-2,0.651099E-3,0.672949E-4,0.00000
0.956976E-4,0.129198E-2,0.734556E-3,0.206240E-3,0.389142E-3,0.192363E-5
0.332718E-2,0.329667E-6,0.131167E-2,0.00000,0.109163E-2,0.242395E-2
0.148327E-2,0.228029E-2,0.290710E-5,0.100687E-2,0.458064E-3,0.421392E-3
0.109201E-6,0.131688E-2,0.435346E-3,0.767486E-3,0.103296E-2,0.245187E-3
0.384170E-2,0.395864E-2,0.810833E-2,0.399299E-3,0.270467E-3,0.00000
0.271008E-3,0.280430E-2,0.119271E-2,0.248037E-3,0.915844E-4,0.00000
0.357307E-2,0.267615E-2,0.315483E-2,0.330769E-2,0.220280E-2,0.00000
0.125997E-2,0.252568E-2,0.770747E-3,0.825524E-3,0.541837E-3,0.264073E-6
0.160752E-1,0.146701E-2,0.469199E-2,0.729567E-3,0.102139E-1,0.00000
0.225913E-2,0.403310E-3,0.797881E-3,0.138104E-3,0.460923E-3,0.00000
0.100347E-2,0.164377E-2,0.183379E-2,0.267868E-3,0.123497E-3,0.00000
0.340008E-2,0.507953E-3,0.972426E-3,0.366660E-3,0.298288E-2,0.00000
0.125826E-3,0.125680E-2,0.172424E-3,0.234064E-2,0.124633E-2,0.00000
0.00000,0.191526E-2,0.176274E-2,0.782848E-3,0.332787E-3,0.315909E-3
0.451553E-2,0.277944E-3,0.507252E-4,0.295703E-3,0.492808E-2,0.00000
0.721437E-4,0.225828E-3,0.109462E-2,0.193132E-2,0.176084E-2,0.00000
0.355339E-2,0.105844E-1,0.430904E-2,0.699056E-2,0.437712E-2,0.00000
0.639265E-3,0.621157E-3,0.133203E-2,0.156008E-4,0.586165E-3,0.00000
0.334205E-3,0.559992E-3,0.145303E-2,0.00000,0.599055E-3,0.00000
0.808381E-4,0.599045E-2,0.310811E-2,0.334818E-2,0.270269E-2,0.00000
0.806354E-3,0.592929E-3,0.239604E-3,0.170147E-2,0.704176E-3,0.00000
NaN,NaN,NaN,NaN,NaN,NaN
0.173303E-3,0.121182E-1,0.196096E-1,0.557572E-2,0.157648E-4,0.00000
0.127786E-2,0.226773E-2,0.00000,0.108502E-2,0.434940E-6,0.117818E-2
0.624454E-4,0.989356E-4,0.128172E-2,0.480718E-3,0.852939E-4,0.00000
0.202301E-2,0.116228E-2,0.254425E-3,0.714838E-3,0.199514E-3,0.00000
0.289261E-2,0.798048E-3,0.195463E-2,0.266958E-6,0.377958E-3,0.272644E-3
0.175342E-2,0.200531E-2,0.172549E-2,0.112336E-5,0.669742E-4,0.00000
0.118042E-2,0.222950E-3,0.151978E-2,0.369791E-3,0.446700E-3,0.160791E-3
NaN,NaN,NaN,NaN,NaN,NaN
0.996185E-4,0.337172E-7,0.554820E-2,0.574792E-3,0.557214E-2,0.00000
0.204974E-2,0.449197E-4,0.473017E-3,0.167939E-2,0.895845E-4,0.00000
0.720891E-5,0.320021E-4,0.505055E-3,0.219736E-2,0.891853E-3,0.215479E-4
0.392785E-3,0.531121E-3,0.654956E-3,0.975346E-4,0.147188E-2,0.200497E-4
0.384016E-3,0.161159E-3,0.206823E-2,0.137304E-2,0.131158E-2,0.00000
0.579037E-4,0.169993E-2,0.237099E-2,0.943143E-3,0.867113E-3,0.00000
0.528077E-3,0.822586E-3,0.651862E-3,0.217135E-3,0.813037E-3,0.00000
0.490522E-3,0.279815E-2,0.222063E-3,0.914979E-7,0.207047E-3,0.202334E-2
0.193297E-2,0.500243E-3,0.228058E-3,0.478993E-4,0.111560E-2,0.00000
0.161804E-2,0.356354E-3,0.270768E-2,0.490057E-4,0.464136E-3,0.00000
0.221159E-3,0.126130E-2,0.00000,0.693181E-3,0.435746E-3,0.139966E-2
0.703297E-3,0.916408E-3,0.257852E-3,0.393826E-2,0.454391E-4,0.00000
0.00000,0.966274E-2,0.00000,0.00000,0.495780E-4,0.310143E-2
0.247803E-3,0.301592E-3,0.961601E-3,0.123850E-2,0.281584E-3,0.00000
0.519925E-5,0.534764E-5,0.278729E-2,0.169991E-2,0.120975E-2,0.00000
0.574405E-3,0.629530E-3,0.510440E-4,0.186822E-2,0.155452E-2,0.00000
0.187687E-2,0.112101E-2,0.655008E-3,0.214856E-3,0.132085E-4,0.00000
0.889188E-2,0.902452E-2,0.00000,0.186633E-1,0.966653E-2,0.00000
0.275710E-2,0.581533E-3,0.643102E-3,0.106506E-2,0.161454E-2,0.456527E-3
0.730563E-3,0.212276E-5,0.483042E-3,0.915778E-3,0.120159E-3,0.270127E-3
0.162290E-2,0.693219E-2,0.539261E-3,0.315778E-2,0.310215E-3,0.00000
0.921846E-3,0.573639E-5,0.173984E-2,0.303106E-2,0.399012E-2,0.00000
0.138255E-2,0.360516E-2,0.470898E-3,0.328687E-3,0.205262E-2,0.00000
0.107181E-2,0.726200E-3,0.959852E-3,0.655052E-3,0.665634E-3,0.00000
0.508088E-3,0.952326E-3,0.399181E-3,0.898992E-4,0.633067E-3,0.00000
0.470851E-3,0.894485E-4,0.125830E-2,0.226995E-3,0.211656E-2,0.236297E-7
0.139323E-3,0.296380E-2,0.184946E-2,0.103781E-3,0.700104E-3,0.00000
0.390406E-2,0.827327E-6,0.889654E-5,0.00000,0.143902E-2,0.314104E-4
0.131875E-2,0.165456E-3,0.231944E-2,0.128944E-2,0.179957E-3,0.00000
0.640963E-2,0.647084E-3,0.592345E-2,0.915255E-5,0.245122E-3,0.00000
0.128248E-6,0.278571E-2,0.206385E-2,0.549986E-2,0.319090E-2,0.00000
0.346669E-3,0.219984E-4,0.360228E-3,0.873985E-3,0.476705E-3,0.287558E-6
0.333993E-2,0.390063E-4,0.717727E-4,0.193599E-2,0.315507E-2,0.00000
0.967842E-4,0.157732E-2,0.733655E-3,0.524560E-3,0.253047E-2,0.00000
0.246526E-5,0.240960E-2,0.121729E-5,0.318800E-2,0.00000,0.00000
0.00000,0.539589E-3,0.143681E-2,0.102355E-2,0.757503E-3,0.00000
0.172960E-2,0.186092E-2,0.102509E-3,0.329644E-3,0.120959E-2,0.289935E-6
NaN,NaN,NaN,NaN,NaN,NaN
0.577464E-7,0.288545E-5,0.318176E-7,0.291895E-2,0.851975E-3,0.310191E-3
0.487172E-3,0.503803E-4,0.383203E-3,0.159842E-2,0.121960E-3,0.151022E-5
0.123488E-2,0.150612E-2,0.102906E-3,0.155218E-3,0.118902E-2,0.00000
0.158482E-2,0.250138E-3,0.291174E-4,0.823942E-3,0.174321E-3,0.00000
0.537990E-4,0.153234E-2,0.668027E-3,0.144880E-3,0.529413E-3,0.00000
0.320781E-2,0.248420E-2,0.256846E-2,0.533390E-2,0.178370E-2,0.00000
0.407099E-3,0.594421E-3,0.610275E-3,0.562608E-3,0.164770E-2,0.00000
0.103312E-1,0.726527E-3,0.220001E-2,0.753848E-2,0.105881E-1,0.00000
0.790163E-3,0.495311E-4,0.346592E-3,0.158611E-2,0.105588E-2,0.00000
0.592312E-4,0.174619E-2,0.668001E-3,0.712980E-4,0.681259E-3,0.00000
0.298100E-2,0.748433E-3,0.466839E-3,0.202685E-2,0.150842E-2,0.00000
0.733067E-3,0.589367E-6,0.120923E-2,0.902311E-3,0.00000,0.519828E-3
0.130350E-2,0.692259E-3,0.362635E-4,0.179767E-2,0.516485E-3,0.00000
0.221010E-2,0.368645E-3,0.204886E-3,0.202049E-3,0.274454E-2,0.00000
0.138835E-2,0.240355E-2,0.240401E-2,0.185397E-3,0.105712E-2,0.00000
0.00000,0.328870E-2,0.659042E-3,0.855091E-3,0.00000,0.263787E-2
NaN,NaN,NaN,NaN,NaN,NaN
0.608158E-4,0.844422E-3,0.106183E-2,0.321223E-2,0.159277E-3,0.00000
0.780342E-3,0.148590E-2,0.421252E-3,0.159710E-2,0.232983E-4,0.270936E-3
0.238273E-1,0.111585E-1,0.348629E-2,0.335902E-2,0.857796E-3,0.00000
0.521389E-2,0.440998E-4,0.979555E-3,0.501582E-2,0.620896E-2,0.109073E-2
0.116336E-2,0.735122E-2,0.127103E-2,0.00000,0.00000,0.664749E-2
0.707709E-3,0.213134E-3,0.915742E-3,0.184338E-2,0.131193E-3,0.00000
0.166873E-2,0.883546E-3,0.143923E-2,0.961687E-3,0.651966E-3,0.00000
0.247312E-3,0.962789E-3,0.178204E-2,0.857104E-3,0.193048E-2,0.00000
0.828778E-3,0.951043E-3,0.00000,0.610550E-3,0.564469E-3,0.930451E-3
0.548085E-3,0.132143E-2,0.156053E-3,0.198508E-4,0.102680E-2,0.502184E-4
0.223126E-2,0.206627E-2,0.327245E-3,0.877559E-4,0.132274E-2,0.109910E-5
0.127742E-2,0.869311E-4,0.782686E-4,0.245665E-2,0.123052E-2,0.00000
0.716930E-2,0.840230E-2,0.135601E-4,0.905550E-4,0.111016E-3,0.00000
0.767913E-3,0.864241E-3,0.198772E-2,0.163872E-2,0.184075E-3,0.00000
0.105224E-2,0.429668E-3,0.926247E-2,0.137841E-1,0.912086E-2,0.00000
0.324243E-2,0.173192E-4,0.248811E-2,0.259149E-2,0.359654E-2,0.00000
0.793150E-3,0.121645E-3,0.408517E-3,0.391616E-3,0.139041E-2,0.458785E-3
0.535889E-3,0.786077E-3,0.842386E-3,0.151841E-2,0.413109E-3,0.466605E-5
0.387897E-3,0.128510E-2,0.243252E-2,0.334593E-3,0.255431E-2,0.00000
0.00000,0.243055E-2,0.384819E-2,0.00000,0.344904E-2,0.00000
0.231649E-2,0.385185E-3,0.212917E-2,0.732503E-3,0.251552E-2,0.00000
0.292264E-2,0.573745E-2,0.142562E-2,0.204806E-3,0.231257E-5,0.00000
0.529031E-3,0.129669E-2,0.202614E-3,0.173846E-2,0.447295E-4,0.00000
0.130140E-2,0.128864E-2,0.561278E-3,0.387876E-2,0.221792E-3,0.00000
0.369824E-2,0.384481E-4,0.132657E-2,0.573012E-2,0.300727E-2,0.00000
0.117791E-2,0.405595E-4,0.338166E-3,0.106352E-2,0.706023E-3,0.00000
0.00000,0.00000,0.108173E-1,0.516774E-1,0.00000,0.00000
0.344510E-3,0.186732E-2,0.359843E-3,0.252558E-4,0.710371E-3,0.00000
0.602250E-3,0.173704E-2,0.146618E-2,0.526804E-3,0.203138E-3,0.120213E-7
0.252235E-3,0.115088E-2,0.285847E-2,0.247218E-2,0.203823E-3,0.00000
0.817998E-3,0.124911E-3,0.00000,0.735934E-3,0.941387E-3,0.910606E-4
0.344311E-2,0.160476E-3,0.708167E-3,0.229166E-2,0.230977E-4,0.00000
0.164827E-2,0.412051E-2,0.127470E-2,0.923279E-3,0.549928E-3,0.00000
0.332658E-6,0.207944E-4,0.273764E-2,0.139649E-2,0.304637E-2,0.126022E-3
0.723718E-3,0.505763E-5,0.167217E-4,0.532557E-3,0.189044E-2,0.00000
0.187077E-2,0.454369E-2,0.473424E-2,0.248123E-3,0.157659E-3,0.00000
0.133245E-2,0.690896E-2,0.228955E-2,0.299438E-2,0.00000,0.287957E-2
0.970442E-4,0.190258E-2,0.453727E-3,0.332901E-4,0.251467E-2,0.00000
NaN,NaN,NaN,NaN,NaN,NaN
0.714045E-3,0.155479E-3,0.143988E-2,0.130861E-2,0.180168E-2,0.00000
0.581922E-4,0.116576E-2,0.182619E-2,0.176422E-2,0.310594E-2,0.00000
0.152284E-2,0.161502E-2,0.116565E-2,0.120011E-3,0.591021E-2,0.00000
0.817170E-3,0.611563E-5,0.965539E-4,0.385832E-5,0.108177E-2,0.228498E-4
0.132460E-2,0.170894E-2,0.809689E-4,0.116265E-2,0.272188E-4,0.00000
0.132429E-2,0.352872E-2,0.209765E-3,0.748854E-3,0.194744E-2,0.00000
0.184618E-3,0.770858E-3,0.208376E-2,0.267501E-3,0.467562E-2,0.00000
0.103643E-2,0.224566E-4,0.237699E-2,0.250060E-3,0.584833E-3,0.00000
0.347730E-2,0.111779E-2,0.404279E-3,0.952164E-4,0.810723E-3,0.00000
NaN,NaN,NaN,NaN,NaN,NaN
0.437977E-2,0.190646E-4,0.646027E-3,0.859612E-3,0.708293E-3,0.00000
0.263418E-4,0.547698E-3,0.754073E-3,0.184500E-3,0.108196E-2,0.187408E-4
NaN,NaN,NaN,NaN,NaN,NaN
0.181522E-2,0.156721E-2,0.380511E-3,0.571425E-3,0.231088E-5,0.316943E-3
0.291032E-2,0.244324E-2,0.00000,0.409672E-3,0.564858E-3,0.531898E-3
0.155634E-3,0.699274E-4,0.330086E-4,0.221633E-2,0.721955E-3,0.00000
0.476590E-4,0.224520E-2,0.720292E-2,0.714594E-4,0.199222E-2,0.00000
0.124671E-2,0.676342E-2,0.126896E-3,0.245056E-2,0.361105E-3,0.00000
0.679090E-3,0.274012E-2,0.122386E-2,0.113186E-3,0.443129E-3,0.00000
NaN,NaN,NaN,NaN,NaN,NaN
0.710307E-2,0.514604E-6,0.495013E-2,0.250734E-2,0.133617E-3,0.00000
0.175706E-2,0.852484E-3,0.698835E-3,0.272808E-2,0.440150E-2,0.00000
0.00000,0.00000,0.112598E-2,0.00000,0.762553E-3,0.351710E-2
0.139377E-2,0.154444E-2,0.997417E-3,0.365358E-2,0.105580E-3,0.00000
0.00000,0.238717E-1,0.535120E-2,0.00000,0.00000,0.279928E-1
0.754198E-2,0.449325E-2,0.926131E-2,0.236331E-4,0.320879E-2,0.00000
NaN,NaN,NaN,NaN,NaN,NaN
0.371990E-2,0.254509E-2,0.00000,0.00000,0.218720E-4,0.00000
0.751259E-3,0.346157E-2,0.784961E-4,0.491722E-2,0.460651E-2,0.00000
0.654953E-2,0.272738E-2,0.464186E-2,0.378626E-3,0.618094E-3,0.00000
0.546252E-3,0.209473E-2,0.771136E-2,0.313075E-2,0.206169E-3,0.00000
0.219209E-2,0.267556E-3,0.136952E-2,0.938044E-4,0.740560E-3,0.00000
0.154248E-2,0.261690E-3,0.999686E-4,0.295049E-2,0.340712E-2,0.00000
NaN,NaN,NaN,NaN,NaN,NaN
0.212960E-7,0.295105E-3,0.111317E-3,0.102994E-4,0.00000,0.303231E-2
0.960795E-3,0.00000,0.529680E-3,0.494594E-3,0.839304E-3,0.164538E-2
0.00000,0.124450E-2,0.00000,0.239589E-2,0.00000,0.357517E-2
0.763145E-3,0.383339E-5,0.116969E-2,0.313566E-3,0.169237E-3,0.00000
0.327418E-3,0.581931E-3,0.137231E-2,0.233237E-3,0.129804E-3,0.178748E-3
0.552362E-2,0.139355E-1,0.887423E-2,0.305685E-2,0.319347E-2,0.00000
0.556962E-2,0.637234E-3,0.263414E-2,0.262349E-3,0.468479E-2,0.00000
0.642246E-3,0.146785E-2,0.360441E-2,0.253315E-2,0.150142E-6,0.00000
0.387085E-3,0.180769E-2,0.238120E-3,0.300046E-3,0.173443E-2,0.00000
0.102513E-2,0.104473E-2,0.127821E-2,0.164337E-2,0.498448E-4,0.00000
0.158333E-2,0.333428E-3,0.246821E-2,0.165685E-2,0.293168E-2,0.00000
0.423257E-3,0.222440E-3,0.135244E-2,0.339785E-2,0.577784E-3,0.00000
0.115833E-3,0.355249E-2,0.356188E-2,0.124561E-2,0.358873E-2,0.00000
0.595771E-4,0.506449E-3,0.121999E-3,0.989847E-3,0.225486E-2,0.00000
0.183733E-1,0.316184E-2,0.855819E-3,0.168054E-1,0.252158E-2,0.00000
0.163435E-2,0.118101E-2,0.210992E-2,0.807741E-4,0.167462E-3,0.00000
0.836258E-3,0.250780E-3,0.748325E-4,0.130372E-2,0.303217E-3,0.00000
NaN,NaN,NaN,NaN,NaN,NaN
0.774209E-3,0.654190E-3,0.521113E-3,0.335366E-3,0.446833E-3,0.248224E-3
0.00000,0.567333E-2,0.807114E-2,0.343988E-3,0.00000,0.00000
0.319468E-2,0.133661E-3,0.446564E-3,0.305504E-2,0.919526E-3,0.00000
0.137083E-2,0.154255E-2,0.109161E-2,0.268803E-3,0.502086E-5,0.00000
0.292122E-3,0.170890E-2,0.272160E-2,0.784804E-3,0.129508E-3,0.134273E-2
0.118751E-2,0.770149E-3,0.152290E-2,0.315874E-2,0.350620E-2,0.00000
0.217529E-3,0.137023E-2,0.205478E-2,0.245383E-2,0.222185E-3,0.00000
NaN,NaN,NaN,NaN,NaN,NaN
NaN,NaN,NaN,NaN,NaN,NaN
0.128041E-5,0.239958E-2,0.340746E-3,0.178498E-2,0.293299E-3,0.00000
0.432182E-2,0.796168E-2,0.708244E-1,0.506422E-3,0.487374E-2,0.00000
0.148819E-2,0.323071E-3,0.353155E-2,0.327915E-2,0.128726E-2,0.00000
0.292912E-3,0.220070E-2,0.137078E-3,0.175591E-2,0.375609E-3,0.656184E-4
NaN,NaN,NaN,NaN,NaN,NaN
0.524583E-3,0.852343E-2,0.608034E-3,0.547427E-4,0.530218E-2,0.00000
0.645060E-3,0.241408E-3,0.112893E-2,0.101689E-2,0.810856E-4,0.00000
0.544460E-3,0.761955E-4,0.124858E-2,0.312638E-2,0.302654E-2,0.00000
NaN,NaN,NaN,NaN,NaN,NaN
0.439809E-2,0.491793E-2,0.221572E-2,0.378728E-2,0.183847E-3,0.00000
0.431206E-3,0.215361E-4,0.110708E-2,0.151321E-2,0.563150E-3,0.00000
0.830325E-3,0.00000,0.00000,0.158794E-2,0.844154E-3,0.182894E-2
0.162253E-3,0.391636E-2,0.783744E-4,0.161617E-3,0.188993E-2,0.00000
0.152305E-2,0.104455E-2,0.715481E-2,0.185119E-2,0.210657E-2,0.00000
0.00000,0.207411E-1,0.00000,0.00000,0.915210E-2,0.304924E-1
0.190932E-2,0.358070E-3,0.194514E-4,0.524781E-3,0.727183E-3,0.00000
0.353690E-3,0.982354E-3,0.217153E-2,0.197191E-2,0.372311E-3,0.00000
0.355298E-3,0.999634E-3,0.355273E-3,0.193894E-3,0.126953E-2,0.00000
0.230320E-3,0.348576E-2,0.933083E-2,0.336210E-2,0.00000,0.216232E-2
0.989524E-4,0.243377E-2,0.206273E-2,0.100843E-2,0.329963E-4,0.00000
0.243209E-2,0.260849E-2,0.483145E-3,0.148170E-3,0.221827E-3,0.829707E-7
0.184420E-2,0.147433E-3,0.146907E-3,0.147926E-2,0.720387E-3,0.148665E-7
0.927779E-3,0.326977E-2,0.761763E-2,0.524690E-3,0.355906E-2,0.00000
0.221592E-2,0.126285E-2,0.472474E-6,0.893370E-3,0.476013E-2,0.00000
0.191657E-2,0.295851E-3,0.149073E-2,0.194924E-2,0.745442E-3,0.00000
0.596337E-3,0.521123E-3,0.317111E-3,0.186225E-2,0.159921E-2,0.00000
0.987888E-3,0.908191E-4,0.988181E-3,0.862516E-3,0.225349E-4,0.00000
0.00000,0.424555E-4,0.105334E-2,0.122267E-2,0.00000,0.107416E-2
0.191776E-2,0.123287E-2,0.104979E-2,0.970578E-4,0.153851E-3,0.00000
0.514102E-4,0.230809E-2,0.624494E-3,0.408386E-3,0.237373E-2,0.00000
0.116272E-3,0.793355E-4,0.343415E-2,0.383825E-2,0.281187E-2,0.287156E-3
0.465756E-3,0.536970E-4,0.786182E-3,0.408885E-3,0.382898E-2,0.00000
0.907428E-3,0.171747E-3,0.169997E-3,0.159947E-2,0.169020E-3,0.00000
0.789570E-3,0.102961E-2,0.924463E-3,0.292019E-2,0.756690E-3,0.00000
0.858503E-3,0.933708E-3,0.587313E-3,0.229741E-3,0.105862E-2,0.460207E-5
0.300143E-3,0.672700E-3,0.968684E-3,0.111044E-3,0.283906E-3,0.00000
0.400595E-5,0.112081E-2,0.193430E-3,0.898990E-3,0.978056E-3,0.563659E-3
0.00000,0.743442E-3,0.488658E-3,0.109805E-2,0.00000,0.585765E-3
0.238523E-3,0.576327E-2,0.198984E-2,0.189087E-2,0.497353E-3,0.00000
0.136235E-2,0.424321E-2,0.606885E-2,0.687898E-3,0.596755E-3,0.00000
0.434301E-2,0.297336E-2,0.273997E-3,0.820867E-3,0.185280E-2,0.185418E-3
0.958908E-3,0.562277E-5,0.253181E-2,0.161269E-3,0.383361E-2,0.00000
0.183743E-3,0.672909E-3,0.267602E-2,0.382315E-3,0.338056E-2,0.00000
0.209496E-3,0.00000,0.262358E-2,0.724540E-3,0.726633E-3,0.112813E-3
0.436823E-2,0.767486E-2,0.205709E-2,0.153479E-2,0.160181E-3,0.00000
NaN,NaN,NaN,NaN,NaN,NaN
0.166554E-1,0.711935E-2,0.892349E-3,0.146545E-2,0.621582E-2,0.00000
0.689598E-4,0.117193E-2,0.941476E-3,0.139294E-2,0.938236E-3,0.00000
0.113831E-3,0.754255E-3,0.577052E-3,0.152364E-2,0.243601E-2,0.00000
NaN,NaN,NaN,NaN,NaN,NaN
0.519328E-2,0.152737E-2,0.976981E-3,0.453570E-2,0.759299E-3,0.00000
0.127705E-2,0.533025E-6,0.140756E-2,0.130419E-2,0.131457E-2,0.175580E-7
0.176440E-2,0.293644E-3,0.148920E-2,0.876658E-4,0.116531E-3,0.00000
0.253586E-2,0.115749E-3,0.392486E-2,0.220124E-1,0.114004E-1,0.00000
0.124477E-4,0.505130E-3,0.173935E-2,0.289077E-2,0.310019E-2,0.00000
0.102395E-2,0.304772E-2,0.309753E-2,0.180651E-2,0.246496E-3,0.00000
NaN,NaN,NaN,NaN,NaN,NaN
0.797668E-4,0.365407E-2,0.220780E-2,0.152686E-2,0.438222E-3,0.00000
0.364154E-3,0.479797E-3,0.312202E-2,0.144608E-2,0.329199E-2,0.00000
0.537227E-3,0.505600E-2,0.141834E-3,0.678576E-2,0.531120E-2,0.00000
0.739028E-3,0.259688E-4,0.341918E-3,0.253713E-3,0.962082E-3,0.489941E-5
0.169132E-2,0.533430E-2,0.369529E-3,0.631863E-2,0.160865E-1,0.00000
0.00000,0.912274E-3,0.113690E-1,0.00000,0.00000,0.156531E-1
0.00000,0.384588E-3,0.765270E-3,0.103611E-2,0.103687E-2,0.120709E-6
0.826038E-4,0.406894E-3,0.744966E-3,0.230403E-2,0.109621E-3,0.00000
0.909468E-3,0.117418E-2,0.908104E-6,0.00000,0.917311E-3,0.00000
0.579977E-3,0.475308E-3,0.00000,0.111381E-2,0.988339E-3,0.220621E-3
NaN,NaN,NaN,NaN,NaN,NaN
0.284377E-2,0.147504E-2,0.816320E-2,0.952521E-3,0.816401E-4,0.00000
0.221940E-2,0.413700E-2,0.161279E-3,0.557834E-3,0.193391E-2,0.00000
0.868895E-4,0.262204E-2,0.552211E-6,0.00000,0.248797E-2,0.480778E-2
0.243047E-2,0.740617E-3,0.912957E-3,0.116019E-2,0.930927E-5,0.656071E-3
0.582585E-3,0.126454E-2,0.275148E-3,0.176712E-2,0.178550E-3,0.00000
0.918414E-5,0.175883E-2,0.176379E-2,0.887183E-4,0.923490E-3,0.00000
0.104592E-3,0.119437E-3,0.285753E-3,0.118134E-2,0.234855E-3,0.653882E-3
0.135791E-3,0.534195E-3,0.126778E-2,0.238940E-3,0.242167E-3,0.204096E-5
0.122216E-2,0.442405E-3,0.141792E-2,0.846959E-4,0.139963E-3,0.00000
0.720867E-5,0.255250E-3,0.835399E-3,0.102027E-2,0.137467E-2,0.108613E-2
0.629904E-2,0.374533E-2,0.217578E-2,0.563001E-3,0.353349E-3,0.00000
0.152601E-2,0.418120E-3,0.216433E-3,0.449700E-3,0.100858E-2,0.00000
0.701966E-3,0.148272E-2,0.422080E-2,0.188077E-2,0.150326E-3,0.00000
0.130360E-2,0.195929E-2,0.329341E-2,0.300458E-3,0.135439E-3,0.00000
0.107593E-4,0.211906E-2,0.863743E-3,0.139945E-2,0.292396E-3,0.00000
0.222854E-4,0.837343E-3,0.185160E-2,0.165883E-2,0.942259E-3,0.912771E-6
0.203944E-2,0.426375E-5,0.133933E-2,0.337761E-5,0.216838E-3,0.825885E-3
0.592642E-3,0.214817E-3,0.744122E-3,0.160013E-2,0.272464E-2,0.00000
0.391764E-4,0.361992E-2,0.841057E-2,0.514971E-2,0.653982E-2,0.00000
0.273129E-2,0.235401E-2,0.280005E-2,0.977231E-4,0.581855E-3,0.00000
0.00000,0.00000,0.00000,0.479499E-2,0.00000,0.385086E-2
0.545789E-3,0.117671E-2,0.122692E-2,0.269799E-2,0.104855E-3,0.00000
0.675323E-5,0.102634E-2,0.672669E-3,0.203690E-2,0.00000,0.403922E-2
0.309475E-2,0.243958E-3,0.625605E-2,0.531476E-2,0.123132E-2,0.00000
0.161888E-1,0.146912E-1,0.00000,0.428501E-2,0.535594E-2,0.276891E-2
0.243300E-2,0.889861E-4,0.110452E-3,0.350067E-3,0.226702E-2,0.00000
0.855814E-3,0.616376E-4,0.131883E-2,0.205902E-2,0.107331E-2,0.00000
0.218241E-2,0.566157E-3,0.478622E-4,0.294978E-3,0.309227E-2,0.00000
0.159678E-3,0.195920E-3,0.505015E-4,0.361258E-2,0.277123E-2,0.00000
0.235421E-3,0.854464E-3,0.832008E-3,0.103922E-7,0.121915E-2,0.411910E-7
0.111078E-2,0.449856E-4,0.726432E-3,0.194945E-6,0.128116E-2,0.171166E-5
0.389304E-2,0.241050E-3,0.132362E-2,0.250417E-2,0.194477E-2,0.00000
0.400860E-2,0.00000,0.00000,0.711655E-6,0.183279E-5,0.970451E-2
0.317388E-3,0.431977E-2,0.911541E-2,0.229757E-2,0.134321E-1,0.00000
0.229770E-2,0.516944E-2,0.463202E-2,0.690319E-2,0.465957E-2,0.00000
0.151259E-1,0.898143E-3,0.106091E-1,0.130256E-2,0.657038E-2,0.217191E-2
0.822342E-3,0.138252E-2,0.121289E-3,0.785739E-3,0.599564E-4,0.00000
0.238840E-2,0.140583E-2,0.111628E-3,0.838743E-3,0.00000,0.00000
0.133349E-4,0.114355E-2,0.100213E-2,0.716357E-3,0.600825E-4,0.426827E-3
0.433276E-3,0.473755E-3,0.767436E-3,0.346581E-3,0.505301E-3,0.00000
0.00000,0.121029E-2,0.122889E-3,0.121200E-2,0.861541E-3,0.121754E-2
0.366858E-3,0.151310E-2,0.203456E-6,0.188424E-2,0.750874E-3,0.219041E-3
0.812965E-3,0.122743E-2,0.826791E-4,0.462967E-3,0.187551E-2,0.101378E-7
0.137299E-2,0.174921E-2,0.613499E-3,0.591057E-3,0.224437E-3,0.106003E-3
0.882172E-3,0.102088E-2,0.976909E-3,0.139149E-2,0.705991E-3,0.569735E-3
0.115602E-2,0.377530E-3,0.156950E-2,0.511837E-3,0.147330E-2,0.00000
0.785107E-2,0.110184E-2,0.799188E-2,0.848810E-2,0.241757E-2,0.00000
NaN,NaN,NaN,NaN,NaN,NaN
0.146409E-3,0.171798E-3,0.905258E-4,0.347858E-3,0.110332E-2,0.233923E-5
0.274225E-2,0.178687E-1,0.475416E-3,0.623158E-2,0.330882E-1,0.00000
0.611877E-7,0.212431E-5,0.105041E-6,0.101847E-2,0.971681E-3,0.869701E-3
0.00000,0.216535E-2,0.381980E-3,0.766274E-3,0.180073E-5,0.369805E-2
0.244766E-3,0.152418E-2,0.220316E-2,0.518682E-3,0.815046E-3,0.00000
0.437269E-3,0.115800E-2,0.776663E-5,0.127752E-2,0.641582E-2,0.342152E-2
0.770004E-3,0.00000,0.103547E-1,0.129111E-2,0.00000,0.827809E-2
0.647118E-2,0.109812E-3,0.871479E-4,0.301581E-2,0.441512E-2,0.00000
0.126687E-2,0.106194E-2,0.931524E-3,0.235846E-2,0.183015E-4,0.00000
0.103646E-4,0.206167E-4,0.171415E-2,0.221558E-2,0.122564E-4,0.00000
0.414252E-2,0.972482E-2,0.364527E-2,0.882695E-3,0.285148E-3,0.00000
0.581826E-3,0.258355E-2,0.939052E-3,0.543791E-3,0.309455E-5,0.00000
0.479629E-2,0.422545E-4,0.211765E-3,0.399043E-2,0.105836E-2,0.00000
0.210125E-2,0.00000,0.382133E-3,0.00000,0.00000,0.497477E-2
0.875446E-3,0.437313E-3,0.688601E-2,0.543078E-2,0.340381E-2,0.00000
0.156864E-2,0.657452E-3,0.254591E-7,0.469533E-2,0.212934E-2,0.831170E-3
0.548044E-3,0.849898E-3,0.108002E-2,0.410714E-4,0.134444E-2,0.479066E-6
0.122679E-2,0.164922E-2,0.247091E-3,0.179697E-3,0.250218E-2,0.00000
0.161387E-2,0.181239E-2,0.00000,0.638280E-3,0.128641E-2,0.176809E-2
0.145058E-2,0.332357E-2,0.452443E-2,0.131509E-4,0.410301E-2,0.00000
0.118773E-2,0.758862E-3,0.213532E-3,0.428035E-3,0.345568E-3,0.00000
0.548117E-5,0.119662E-2,0.695840E-3,0.201437E-4,0.101865E-2,0.00000
0.542229E-3,0.439188E-3,0.402592E-3,0.185826E-2,0.306932E-2,0.629346E-3
0.495974E-3,0.136422E-4,0.189013E-2,0.861376E-4,0.238791E-2,0.00000
0.00000,0.00000,0.00000,0.00000,0.433137E-2,0.153715E-1
0.143130E-5,0.447790E-3,0.944417E-3,0.574741E-3,0.253425E-2,0.00000
0.101248E-2,0.620236E-4,0.111839E-2,0.584235E-3,0.119673E-5,0.00000
0.147325E-3,0.417997E-3,0.123787E-3,0.491856E-3,0.120226E-2,0.00000
0.953601E-4,0.754634E-3,0.110706E-2,0.411517E-3,0.110701E-4,0.392115E-3
0.368029E-2,0.105555E-2,0.556460E-2,0.744627E-3,0.435215E-2,0.125782E-4
0.138862E-2,0.192432E-4,0.651233E-3,0.176627E-2,0.123393E-2,0.00000
NaN,NaN,NaN,NaN,NaN,NaN
0.129322E-2,0.370430E-4,0.386393E-3,0.499233E-3,0.688543E-3,0.102591E-7
0.978648E-2,0.00000,0.171514E-2,0.975157E-2,0.425684E-2,0.291799E-2
0.636906E-3,0.177888E-4,0.121074E-3,0.115749E-2,0.711114E-4,0.00000
0.706241E-4,0.613195E-3,0.220074E-3,0.175674E-3,0.269060E-2,0.00000
0.502136E-3,0.276281E-2,0.259012E-2,0.262869E-2,0.669207E-3,0.00000
0.114052E-2,0.102475E-2,0.962702E-3,0.520956E-3,0.436313E-3,0.00000
0.309214E-3,0.303460E-2,0.667782E-4,0.212162E-2,0.862002E-3,0.00000
0.135987E-2,0.886565E-3,0.263880E-3,0.241015E-3,0.155800E-2,0.00000
0.465535E-3,0.271375E-3,0.156616E-2,0.178346E-3,0.548385E-3,0.00000
0.754184E-3,0.127410E-2,0.210506E-3,0.899118E-3,0.213938E-2,0.00000
0.407461E-3,0.733084E-4,0.615289E-3,0.114101E-2,0.182766E-2,0.00000
0.250054E-3,0.304791E-2,0.139541E-3,0.163220E-4,0.181387E-2,0.00000
0.228451E-2,0.400019E-2,0.570824E-3,0.987090E-3,0.578804E-3,0.00000
0.217707E-2,0.544181E-3,0.102555E-2,0.202005E-3,0.302914E-3,0.514559E-3
0.204869E-2,0.125762E-2,0.955160E-4,0.00000,0.333591E-2,0.246133E-3
0.222211E-7,0.235456E-3,0.431394E-4,0.925914E-7,0.506677E-2,0.318144E-2
0.171191E-2,0.00000,0.350505E-3,0.00000,0.546015E-4,0.179310E-2
0.387854E-2,0.00000,0.167071E-2,0.909313E-3,0.193301E-2,0.433134E-2
0.113685E-2,0.168654E-2,0.228119E-1,0.966147E-2,0.106616E-1,0.00000
0.551385E-4,0.722143E-3,0.807284E-3,0.218803E-2,0.693655E-3,0.00000
0.117960E-1,0.161455E-3,0.385230E-2,0.536867E-3,0.566503E-3,0.00000
NaN,NaN,NaN,NaN,NaN,NaN
0.333173E-2,0.180539E-4,0.106193E-2,0.00000,0.00000,0.00000
0.302557E-2,0.189434E-2,0.111527E-3,0.696539E-4,0.314259E-2,0.00000
0.273033E-3,0.342925E-4,0.102841E-2,0.215390E-2,0.153288E-2,0.00000
NaN,NaN,NaN,NaN,NaN,NaN
0.869946E-4,0.631349E-4,0.124263E-2,0.142517E-2,0.836323E-3,0.00000
0.317972E-3,0.375691E-5,0.420487E-3,0.112710E-2,0.475966E-3,0.169160E-4
0.744587E-3,0.270001E-2,0.189016E-3,0.439996E-2,0.249762E-2,0.00000
0.111451E-2,0.746682E-3,0.181005E-2,0.165894E-2,0.819568E-3,0.205422E-7
0.312087E-3,0.178127E-2,0.320323E-3,0.108084E-2,0.650042E-3,0.00000
0.119832E-2,0.674446E-3,0.127020E-2,0.848833E-4,0.199480E-2,0.00000
0.841100E-4,0.194578E-2,0.133229E-2,0.124666E-3,0.660879E-3,0.548920E-3
NaN,NaN,NaN,NaN,NaN,NaN
NaN,NaN,NaN,NaN,NaN,NaN
0.397885E-3,0.106687E-2,0.602849E-4,0.217973E-2,0.369180E-3,0.159155E-6
NaN,NaN,NaN,NaN,NaN,NaN
0.593214E-3,0.127706E-2,0.605476E-3,0.579444E-3,0.172763E-4,0.398040E-7
0.781956E-3,0.327144E-2,0.142124E-2,0.223144E-2,0.126436E-2,0.00000
0.430023E-3,0.349879E-3,0.135018E-2,0.802337E-3,0.220606E-3,0.00000
0.232715E-2,0.688612E-3,0.560293E-3,0.697191E-3,0.800214E-3,0.113119E-2
0.372799E-4,0.705811E-3,0.516796E-7,0.317717E-2,0.100524E-2,0.958747E-3
0.129599E-2,0.154903E-3,0.137368E-2,0.806425E-3,0.113902E-3,0.00000
0.334246E-3,0.128518E-2,0.164767E-3,0.114760E-3,0.308299E-3,0.00000
0.395712E-4,0.964978E-4,0.342427E-3,0.125477E-2,0.203089E-2,0.00000
0.113949E-2,0.231485E-5,0.00000,0.815706E-3,0.176886E-2,0.249647E-2
0.438741E-2,0.676373E-2,0.00000,0.707851E-2,0.00000,0.801131E-3
0.898922E-3,0.157602E-2,0.00000,0.961434E-2,0.134751E-1,0.00000
0.171502E-2,0.528314E-4,0.151264E-3,0.101651E-2,0.146832E-2,0.00000
NaN,NaN,NaN,NaN,NaN,NaN
0.847771E-4,0.102099E-2,0.795626E-3,0.124696E-2,0.220259E-3,0.00000
0.528570E-3,0.189826E-2,0.176257E-2,0.318712E-2,0.390499E-2,0.00000
0.243812E-2,0.949553E-3,0.960303E-3,0.148838E-2,0.223878E-3,0.167302E-7
0.902623E-3,0.165081E-2,0.493273E-3,0.150852E-3,0.422331E-3,0.00000
0.546944E-3,0.103018E-2,0.111858E-2,0.339706E-3,0.476901E-4,0.153161E-2
0.426890E-2,0.548081E-4,0.332982E-2,0.612144E-3,0.303522E-2,0.00000
0.101237E-2,0.115944E-3,0.168354E-2,0.105778E-7,0.186513E-7,0.850639E-3
0.535090E-2,0.160632E-2,0.276331E-4,0.554180E-2,0.213066E-2,0.00000
0.154588E-2,0.574086E-3,0.160621E-3,0.120321E-2,0.788524E-4,0.110836E-3
0.00000,0.233293E-2,0.102920E-7,0.00000,0.431832E-2,0.149390E-1
0.139511E-2,0.638597E-3,0.205641E-2,0.200203E-3,0.114479E-3,0.104534E-4
0.635359E-2,0.383155E-2,0.104506E-1,0.767542E-2,0.778623E-4,0.00000
0.622427E-4,0.985370E-3,0.442504E-3,0.375567E-2,0.518895E-3,0.00000
0.851972E-3,0.380428E-3,0.107257E-3,0.213186E-2,0.299398E-3,0.00000
0.319712E-2,0.522169E-7,0.413915E-2,0.208725E-2,0.111135E-3,0.00000
0.157528E-2,0.419393E-3,0.408755E-3,0.554269E-3,0.211796E-3,0.00000
0.289098E-2,0.691897E-4,0.196687E-2,0.489425E-3,0.898895E-3,0.00000
0.825013E-3,0.395184E-2,0.309972E-2,0.251203E-2,0.00000,0.00000
0.367940E-3,0.281723E-3,0.630010E-3,0.534705E-3,0.116452E-2,0.00000
NaN,NaN,NaN,NaN,NaN,NaN
0.196203E-2,0.00000,0.183070E-3,0.00000,0.324095E-2,0.671118E-2
0.306702E-2,0.147363E-2,0.144491E-2,0.963660E-3,0.651601E-4,0.00000
0.210446E-2,0.342869E-3,0.264975E-2,0.175006E-4,0.112698E-2,0.00000
NaN,NaN,NaN,NaN,NaN,NaN
0.563537E-3,0.687542E-4,0.443476E-3,0.281221E-2,0.378422E-4,0.00000
0.113648E-2,0.458681E-3,0.130502E-4,0.715789E-3,0.376321E-3,0.229776E-3
0.517749E-5,0.738034E-3,0.838173E-3,0.269898E-3,0.233616E-2,0.00000
NaN,NaN,NaN,NaN,NaN,NaN
0.213061E-2,0.642894E-4,0.237278E-2,0.320050E-2,0.437823E-2,0.00000
0.130260E-2,0.158178E-2,0.122011E-3,0.266235E-2,0.226571E-2,0.00000
0.175270E-2,0.273611E-2,0.782258E-4,0.121011E-3,0.229400E-3,0.00000
0.106777E-2,0.161222E-2,0.113525E-3,0.182704E-2,0.313381E-2,0.00000
0.127893E-2,0.448700E-3,0.730814E-3,0.289589E-3,0.908690E-3,0.291195E-7
NaN,NaN,NaN,NaN,NaN,NaN
0.603288E-2,0.690824E-2,0.116126E-2,0.131684E-1,0.152364E-1,0.00000
0.451602E-2,0.00000,0.575834E-2,0.178660E-2,0.235030E-2,0.293241E-2
NaN,NaN,NaN,NaN,NaN,NaN
0.383015E-2,0.386810E-2,0.237437E-3,0.562319E-2,0.179096E-2,0.00000
0.182563E-3,0.343156E-3,0.140837E-2,0.107992E-2,0.129609E-2,0.675595E-4
0.117893E-2,0.762561E-3,0.404493E-4,0.277390E-3,0.122915E-2,0.00000
0.115830E-3,0.159127E-2,0.343501E-3,0.110490E-3,0.823921E-4,0.00000
0.302509E-2,0.114793E-2,0.284183E-2,0.466723E-3,0.227995E-2,0.00000
0.372676E-3,0.430249E-3,0.267052E-2,0.164317E-3,0.178857E-2,0.00000
0.958852E-3,0.956416E-3,0.585432E-3,0.498362E-5,0.290770E-7,0.457206E-3
0.100225E-2,0.344086E-3,0.117049E-2,0.200629E-4,0.264020E-3,0.00000
NaN,NaN,NaN,NaN,NaN,NaN
0.514135E-3,0.179178E-3,0.181980E-2,0.179515E-2,0.186144E-2,0.00000
0.229804E-2,0.239138E-2,0.195205E-2,0.457712E-2,0.352657E-3,0.00000
0.706008E-2,0.00000,0.00000,0.274322E-2,0.596744E-3,0.587625E-2
0.388764E-2,0.874699E-3,0.165572E-2,0.134320E-2,0.319043E-2,0.00000
0.192522E-2,0.351927E-3,0.995230E-3,0.236884E-2,0.145121E-5,0.00000
0.185836E-3,0.613938E-3,0.112203E-3,0.382617E-2,0.136914E-2,0.00000
NaN,NaN,NaN,NaN,NaN,NaN
0.236161E-2,0.988958E-4,0.781311E-3,0.489557E-3,0.299065E-2,0.00000
0.277779E-3,0.324040E-2,0.251562E-4,0.667363E-3,0.225190E-2,0.647726E-7
0.319606E-2,0.270079E-3,0.166807E-2,0.578384E-4,0.171067E-2,0.00000
0.120428E-2,0.123636E-2,0.926772E-4,0.105426E-2,0.426957E-4,0.00000
0.178023E-2,0.286057E-3,0.930055E-3,0.128356E-3,0.887595E-3,0.00000
0.410030E-2,0.362590E-2,0.982500E-3,0.260862E-2,0.122583E-2,0.00000
NaN,NaN,NaN,NaN,NaN,NaN
0.137729E-1,0.653050E-2,0.971398E-3,0.410134E-4,0.192503E-2,0.790096E-3
NaN,NaN,NaN,NaN,NaN,NaN
0.334124E-3,0.121662E-2,0.103971E-2,0.520607E-6,0.00000,0.516567E-2
0.426869E-3,0.502517E-4,0.251107E-2,0.152355E-2,0.412917E-2,0.00000
0.796262E-3,0.336873E-3,0.184399E-3,0.00000,0.296162E-2,0.129133E-2
0.918423E-4,0.982193E-3,0.348492E-2,0.344192E-2,0.00000,0.478234E-3
0.313896E-3,0.180481E-2,0.124295E-2,0.511852E-3,0.975835E-3,0.163243E-5
0.00000,0.470146E-3,0.639263E-3,0.102516E-2,0.554507E-3,0.00000
0.751440E-3,0.599235E-3,0.434355E-4,0.465271E-3,0.632470E-3,0.00000
0.965729E-3,0.139389E-2,0.534454E-4,0.139865E-2,0.823328E-3,0.00000
0.140536E-1,0.560536E-4,0.275978E-1,0.473306E-2,0.804670E-3,0.00000
0.840169E-3,0.00000,0.133865E-2,0.171957E-5,0.269986E-2,0.234448E-2
0.228928E-6,0.173056E-6,0.515986E-3,0.983998E-3,0.640284E-3,0.643159E-3
0.666467E-3,0.750933E-3,0.215460E-2,0.509619E-3,0.118708E-2,0.542778E-3
0.425192E-3,0.123777E-2,0.219809E-2,0.166204E-2,0.735232E-3,0.184483E-2
0.690832E-5,0.230758E-3,0.00000,0.00000,0.213072E-2,0.194873E-2
0.263394E-4,0.642270E-3,0.117387E-2,0.102405E-3,0.138072E-2,0.483348E-4
0.144874E-2,0.157762E-2,0.454466E-4,0.506924E-4,0.799851E-3,0.00000
0.401331E-2,0.378275E-3,0.778940E-2,0.731838E-3,0.723764E-2,0.00000
NaN,NaN,NaN,NaN,NaN,NaN
0.448252E-3,0.398020E-4,0.142105E-2,0.189962E-4,0.115738E-2,0.00000
0.119829E-2,0.651514E-7,0.764842E-3,0.118375E-3,0.783849E-3,0.830179E-4
0.441248E-3,0.139511E-7,0.252263E-3,0.200769E-2,0.241746E-2,0.207030E-3
0.167806E-4,0.117112E-2,0.773823E-4,0.515741E-4,0.166565E-2,0.00000
0.200592E-3,0.144148E-2,0.198071E-2,0.177751E-3,0.751028E-6,0.243010E-4
NaN,NaN,NaN,NaN,NaN,NaN
0.163456E-4,0.114476E-2,0.112466E-2,0.129495E-2,0.786852E-3,0.00000
NaN,NaN,NaN,NaN,NaN,NaN
0.458757E-4,0.341768E-4,0.157996E-2,0.964298E-3,0.539278E-4,0.00000
0.135667E-2,0.229420E-2,0.232874E-2,0.594245E-4,0.985488E-4,0.00000
0.196187E-3,0.560445E-4,0.897454E-3,0.136125E-2,0.313508E-2,0.00000
0.145446E-2,0.151198E-2,0.245497E-2,0.499552E-3,0.220566E-2,0.00000
0.337258E-4,0.134132E-2,0.124545E-2,0.387312E-2,0.00000,0.00000
0.131609E-2,0.338902E-5,0.264630E-2,0.145193E-4,0.209069E-2,0.799658E-3
0.112122E-3,0.764378E-2,0.121500E-2,0.684645E-3,0.158757E-2,0.857963E-6
0.376484E-3,0.138372E-4,0.135857E-2,0.143779E-5,0.251846E-2,0.00000
0.327084E-3,0.125363E-2,0.161016E-2,0.322070E-3,0.233679E-2,0.929323E-7
NaN,NaN,NaN,NaN,NaN,NaN
0.103914E-2,0.211718E-3,0.478974E-3,0.601089E-3,0.863774E-3,0.460817E-6
0.478518E-3,0.141608E-3,0.162090E-2,0.139461E-2,0.163875E-2,0.00000
0.00000,0.443086E-5,0.218827E-2,0.116175E-2,0.604227E-3,0.00000
0.403936E-3,0.174768E-4,0.487036E-2,0.506775E-2,0.635236E-3,0.00000
0.368700E-3,0.166475E-2,0.114774E-2,0.865979E-3,0.314986E-3,0.00000
0.459143E-3,0.650423E-3,0.111856E-2,0.136443E-2,0.176104E-3,0.100852E-7
0.645134E-3,0.871683E-4,0.286694E-3,0.439782E-3,0.132472E-2,0.156068E-3
0.277266E-5,0.224412E-3,0.271082E-3,0.154975E-2,0.912970E-6,0.326537E-3
0.611746E-3,0.360998E-3,0.263417E-2,0.231560E-2,0.301233E-3,0.00000
0.124175E-3,0.278349E-2,0.273925E-2,0.302772E-2,0.163029E-2,0.00000
NaN,NaN,NaN,NaN,NaN,NaN
NaN,NaN,NaN,NaN,NaN,NaN
0.156843E-2,0.558679E-3,0.112887E-2,0.113672E-2,0.364737E-3,0.00000
0.675944E-3,0.383582E-5,0.523791E-2,0.447476E-2,0.486758E-2,0.492656E-3
0.169872E-2,0.142196E-3,0.121679E-2,0.209934E-2,0.452619E-2,0.00000
0.155058E-2,0.708544E-4,0.112842E-2,0.781441E-4,0.704286E-4,0.00000
0.114689E-2,0.112489E-2,0.784224E-3,0.138839E-2,0.788347E-3,0.799377E-4
0.450531E-3,0.570909E-2,0.461878E-2,0.296614E-4,0.709175E-2,0.00000
NaN,NaN,NaN,NaN,NaN,NaN
0.665694E-5,0.115073E-2,0.289492E-3,0.476475E-4,0.762227E-3,0.00000
0.155643E-2,0.606315E-4,0.606464E-3,0.108518E-3,0.491730E-3,0.571835E-7
0.189940E-1,0.159603E-1,0.340359E-2,0.113064E-3,0.333351E-1,0.00000
0.289057E-2,0.203362E-2,0.109237E-2,0.698051E-3,0.547641E-3,0.123532E-6
0.727549E-3,0.379491E-3,0.166387E-3,0.839819E-3,0.168466E-2,0.00000
0.428686E-3,0.281911E-2,0.536438E-4,0.365396E-2,0.700338E-2,0.00000
0.164823E-3,0.100660E-4,0.144196E-2,0.609416E-3,0.376847E-3,0.00000
0.928535E-3,0.185840E-2,0.153252E-2,0.187574E-2,0.425001E-3,0.00000
0.316709E-2,0.926805E-2,0.235804E-3,0.152840E-1,0.248672E-1,0.00000
0.213595E-2,0.118211E-2,0.183541E-4,0.142895E-2,0.204773E-2,0.00000
0.261432E-2,0.914552E-3,0.271225E-2,0.236405E-4,0.120110E-2,0.00000
0.459798E-3,0.111366E-2,0.570558E-4,0.459396E-3,0.660657E-3,0.00000
0.184152E-2,0.208415E-5,0.602231E-3,0.320550E-3,0.550226E-3,0.00000
0.429017E-2,0.788840E-3,0.102737E-2,0.231952E-2,0.161463E-2,0.00000
0.490690E-4,0.147145E-2,0.742597E-3,0.454466E-4,0.481714E-3,0.00000
0.151077E-2,0.237841E-2,0.129769E-3,0.880643E-4,0.316617E-2,0.00000
0.203691E-3,0.115653E-2,0.619024E-4,0.843297E-4,0.222706E-2,0.331145E-3
0.143684E-3,0.915471E-3,0.192133E-3,0.00000,0.848086E-3,0.272270E-6
0.199508E-3,0.317959E-2,0.256323E-2,0.107509E-2,0.954761E-2,0.00000
0.565862E-4,0.106666E-2,0.982277E-3,0.167236E-2,0.816748E-3,0.440550E-3
0.160442E-2,0.935376E-3,0.543609E-3,0.131272E-2,0.203862E-2,0.00000
0.165469E-2,0.309016E-6,0.128058E-2,0.245877E-3,0.290443E-4,0.121695E-4
0.241699E-2,0.637306E-3,0.523255E-4,0.246090E-2,0.294402E-3,0.00000
0.00000,0.00000,0.366966E-2,0.715966E-2,0.819202E-2,0.806913E-2
0.343290E-2,0.537670E-2,0.313959E-2,0.542282E-4,0.178988E-2,0.00000
0.118294E-2,0.275358E-3,0.740945E-3,0.289652E-2,0.123661E-2,0.00000
0.828584E-2,0.00000,0.146535E-1,0.111068E-2,0.00000,0.905170E-2
0.342987E-2,0.223568E-4,0.641767E-3,0.286795E-2,0.701786E-3,0.00000
0.117221E-6,0.129191E-2,0.162009E-2,0.131950E-3,0.313718E-3,0.222535E-4
0.214251E-7,0.187362E-2,0.325321E-4,0.407694E-3,0.217151E-2,0.257422E-2
0.337781E-3,0.688921E-3,0.168284E-2,0.715555E-3,0.118955E-3,0.112745E-5
NaN,NaN,NaN,NaN,NaN,NaN
0.244120E-3,0.268919E-2,0.314562E-2,0.103796E-4,0.440921E-2,0.00000
0.00000,0.265220E-2,0.555635E-4,0.291915E-2,0.213631E-2,0.268385E-2
0.152935E-2,0.286060E-2,0.00000,0.199711E-2,0.00000,0.540637E-2
0.426036E-3,0.00000,0.765052E-2,0.314441E-2,0.172819E-7,0.474679E-2
0.148837E-2,0.249601E-3,0.739270E-3,0.205740E-2,0.312261E-3,0.00000
0.388706E-3,0.126118E-3,0.955714E-3,0.370640E-4,0.650464E-3,0.172789E-7
0.947199E-3,0.674423E-3,0.158094E-2,0.451536E-3,0.501070E-4,0.478712E-5
0.210938E-2,0.839151E-3,0.131313E-2,0.151278E-2,0.106539E-3,0.00000
0.356077E-3,0.428243E-3,0.541508E-4,0.877299E-3,0.159711E-2,0.00000
0.102210E-2,0.377384E-3,0.792081E-3,0.416236E-5,0.129742E-2,0.00000
0.473066E-5,0.218546E-3,0.662743E-3,0.650611E-3,0.170166E-2,0.102157E-7
0.764716E-2,0.250147E-2,0.906164E-2,0.169166E-2,0.895598E-2,0.00000
0.498256E-4,0.741558E-3,0.110862E-2,0.831415E-4,0.825904E-3,0.187894E-6
0.275260E-3,0.144995E-2,0.134266E-2,0.176552E-3,0.414291E-3,0.930109E-5
0.214607E-2,0.131751E-1,0.614020E-2,0.716215E-2,0.576972E-5,0.596323E-4
0.235982E-2,0.302861E-2,0.640648E-2,0.196136E-2,0.452911E-3,0.00000
0.143893E-2,0.196601E-4,0.449423E-3,0.664836E-3,0.135863E-2,0.00000
0.125848E-4,0.136927E-3,0.142229E-2,0.644874E-3,0.340739E-3,0.00000
0.135624E-2,0.144559E-3,0.956694E-4,0.383140E-4,0.114071E-2,0.00000
0.148909E-2,0.133801E-2,0.892606E-3,0.107789E-3,0.115422E-6,0.341392E-7
0.737048E-4,0.124702E-2,0.937856E-2,0.353201E-2,0.497244E-2,0.00000
0.494479E-3,0.551369E-3,0.677817E-3,0.576627E-3,0.652715E-3,0.00000
0.341543E-3,0.208637E-2,0.173966E-2,0.529324E-4,0.605087E-3,0.00000
0.465153E-3,0.00000,0.00000,0.207457E-2,0.151603E-5,0.698338E-2
0.111709E-2,0.372912E-4,0.113825E-2,0.779298E-3,0.273076E-3,0.00000
NaN,NaN,NaN,NaN,NaN,NaN
0.109845E-2,0.263414E-5,0.130860E-2,0.139391E-7,0.593870E-3,0.130435E-2
0.130315E-2,0.496947E-4,0.256493E-2,0.468212E-3,0.210235E-2,0.00000
0.561040E-4,0.804936E-3,0.120288E-2,0.102577E-2,0.142857E-2,0.00000
0.00000,0.217553E-3,0.167729E-2,0.518061E-3,0.154860E-2,0.367833E-3
0.115582E-2,0.134409E-2,0.385485E-4,0.181792E-2,0.392412E-3,0.00000
0.110979E-3,0.682782E-4,0.169923E-2,0.142363E-2,0.212435E-2,0.00000
0.145422E-2,0.260174E-2,0.00000,0.577768E-3,0.542363E-2,0.984623E-3
0.590588E-3,0.453398E-7,0.626164E-3,0.684235E-3,0.155548E-2,0.00000
NaN,NaN,NaN,NaN,NaN,NaN
0.396023E-2,0.505994E-2,0.00000,0.00000,0.189445E-2,0.933459E-3
0.998904E-4,0.204149E-2,0.851200E-5,0.136151E-2,0.358831E-2,0.00000
0.399652E-2,0.263166E-3,0.218102E-2,0.112641E-2,0.100917E-1,0.00000
0.140982E-2,0.508830E-3,0.823134E-3,0.697334E-3,0.466457E-4,0.00000
0.123409E-2,0.115005E-2,0.193158E-2,0.215268E-3,0.898342E-4,0.00000
0.432743E-3,0.447054E-3,0.961034E-3,0.756768E-4,0.796070E-3,0.00000
0.857707E-4,0.537318E-3,0.476198E-4,0.777493E-3,0.164379E-2,0.00000
0.218112E-2,0.266717E-3,0.488995E-4,0.818447E-3,0.787558E-3,0.00000
0.408286E-2,0.00000,0.176442E-2,0.00000,0.256363E-2,0.323557E-2
0.00000,0.00000,0.109727E-2,0.134293E-2,0.745174E-3,0.117773E-2
0.111155E-2,0.754858E-3,0.183057E-6,0.420917E-3,0.420359E-3,0.522778E-3
NaN,NaN,NaN,NaN,NaN,NaN
0.117682E-3,0.138650E-2,0.669832E-3,0.494016E-3,0.303594E-2,0.00000
0.308117E-3,0.835393E-4,0.785102E-3,0.372165E-6,0.210142E-2,0.684366E-3
0.941989E-3,0.216599E-2,0.229032E-2,0.270739E-2,0.859839E-4,0.00000
0.234610E-3,0.116954E-2,0.933685E-3,0.130590E-2,0.211200E-2,0.00000
0.553032E-2,0.449786E-2,0.274641E-2,0.556687E-2,0.182779E-3,0.00000
0.322703E-2,0.265308E-6,0.147571E-3,0.674928E-3,0.00000,0.00000
0.475948E-3,0.732531E-4,0.400689E-3,0.320172E-3,0.910227E-3,0.821265E-3
0.00000,0.00000,0.00000,0.132415E-1,0.00000,0.354372E-2
0.923921E-2,0.241732E-1,0.366892E-2,0.361682E-2,0.334256E-1,0.00000
0.117485E-3,0.401504E-3,0.122178E-2,0.445191E-3,0.159843E-2,0.452824E-6
0.150745E-2,0.281964E-2,0.440876E-3,0.201134E-3,0.191764E-2,0.00000
0.163874E-2,0.177123E-2,0.442713E-4,0.789179E-6,0.138577E-2,0.112123E-2
0.839078E-3,0.369698E-2,0.975736E-3,0.135945E-3,0.146864E-2,0.00000
0.896329E-4,0.107929E-2,0.00000,0.365354E-2,0.134458E-2,0.00000
0.593674E-2,0.407037E-2,0.179899E-3,0.281450E-2,0.00000,0.191096E-2
0.103544E-2,0.245179E-3,0.142203E-2,0.122055E-3,0.133919E-4,0.275524E-4
0.609157E-3,0.265903E-3,0.288551E-2,0.129931E-2,0.127264E-3,0.00000
0.538511E-3,0.293215E-3,0.202533E-2,0.112625E-3,0.380241E-2,0.00000
0.786698E-3,0.165120E-3,0.287035E-3,0.699160E-3,0.196763E-2,0.00000
0.196421E-2,0.00000,0.417968E-3,0.741706E-3,0.175863E-2,0.999531E-3
0.111966E-2,0.00000,0.155063E-2,0.00000,0.127651E-2,0.141083E-2
0.824936E-3,0.992973E-3,0.774669E-4,0.698634E-4,0.508219E-3,0.266750E-6
0.189466E-3,0.00000,0.102004E-1,0.953219E-2,0.597477E-2,0.462784E-2
0.262634E-3,0.131446E-2,0.681337E-3,0.741831E-3,0.117645E-2,0.00000
0.310571E-3,0.107865E-3,0.107687E-2,0.773617E-3,0.329305E-4,0.00000
0.00000,0.00000,0.426278E-2,0.222221E-2,0.00000,0.00000
0.425326E-2,0.443328E-3,0.226462E-2,0.265754E-2,0.694570E-3,0.00000
0.546091E-3,0.134976E-2,0.491295E-3,0.151841E-2,0.100072E-2,0.00000
0.772203E-3,0.692096E-3,0.160563E-2,0.319890E-3,0.485912E-4,0.00000
0.128096E-2,0.912243E-3,0.00000,0.113549E-2,0.129356E-3,0.00000
0.127685E-2,0.166754E-2,0.153891E-2,0.158596E-2,0.00000,0.199905E-2
0.841124E-3,0.192482E-2,0.449030E-3,0.199673E-2,0.432348E-2,0.00000
0.733830E-3,0.538823E-3,0.193861E-2,0.175122E-2,0.193120E-3,0.00000
0.577455E-3,0.294723E-3,0.177611E-2,0.147106E-2,0.150209E-2,0.00000
0.427556E-2,0.00000,0.00000,0.254684E-4,0.274174E-2,0.00000
0.137792E-2,0.574786E-3,0.455296E-6,0.627931E-4,0.868781E-7,0.809694E-3
0.174997E-2,0.407671E-3,0.159556E-3,0.525879E-3,0.316205E-3,0.00000
0.781584E-3,0.704214E-3,0.167310E-2,0.489051E-4,0.103548E-3,0.00000
0.490388E-5,0.267826E-4,0.156497E-2,0.359423E-3,0.856018E-3,0.00000
0.207849E-2,0.158552E-3,0.154894E-5,0.542384E-3,0.233211E-2,0.00000
0.350987E-3,0.713225E-3,0.458315E-3,0.193511E-2,0.337706E-4,0.00000
0.222867E-2,0.928956E-3,0.210068E-3,0.469930E-4,0.971934E-3,0.00000
0.136620E-2,0.00000,0.110451E-2,0.229814E-2,0.105927E-2,0.161615E-2
0.142427E-2,0.180975E-3,0.102749E-2,0.150924E-7,0.902004E-5,0.220500E-3
0.115506E-2,0.679892E-3,0.260283E-3,0.376032E-3,0.563395E-3,0.226683E-3
0.276041E-2,0.808473E-4,0.162280E-1,0.765988E-2,0.976437E-2,0.00000
NaN,NaN,NaN,NaN,NaN,NaN
0.167732E-3,0.386941E-3,0.647803E-3,0.248393E-3,0.916034E-3,0.00000
NaN,NaN,NaN,NaN,NaN,NaN
0.238861E-2,0.323098E-3,0.997588E-3,0.148853E-2,0.210347E-3,0.00000
0.338437E-3,0.181139E-2,0.118267E-2,0.959360E-4,0.143811E-2,0.00000
0.00000,0.810435E-2,0.223595E-1,0.100888E-1,0.225215E-1,0.499135E-2
0.250027E-2,0.119907E-2,0.116935E-3,0.845706E-4,0.475974E-3,0.00000
0.150986E-3,0.128083E-2,0.132077E-2,0.415387E-3,0.235304E-2,0.00000
0.118229E-3,0.152171E-2,0.121248E-2,0.537014E-3,0.169827E-3,0.00000
0.293572E-5,0.209767E-2,0.943565E-3,0.290942E-2,0.157794E-2,0.993254E-5
0.128031E-3,0.00000,0.00000,0.119079E-2,0.362962E-3,0.398835E-2
0.774330E-3,0.126120E-3,0.119266E-2,0.252146E-3,0.200072E-2,0.866875E-5
NaN,NaN,NaN,NaN,NaN,NaN
0.182311E-2,0.451705E-4,0.281428E-3,0.901836E-4,0.570128E-3,0.817377E-3
0.126401E-2,0.859250E-4,0.100223E-2,0.108167E-2,0.654052E-3,0.00000
0.159670E-3,0.937789E-3,0.862831E-3,0.140759E-2,0.131471E-2,0.00000
0.172864E-2,0.107569E-2,0.822779E-3,0.870244E-3,0.295755E-2,0.509561E-7
0.541530E-3,0.331078E-3,0.105781E-2,0.719536E-3,0.447028E-3,0.00000
0.113785E-2,0.114881E-3,0.897367E-3,0.982998E-3,0.415872E-3,0.377728E-5
NaN,NaN,NaN,NaN,NaN,NaN
0.174366E-2,0.476677E-3,0.204319E-2,0.140946E-2,0.201017E-3,0.00000
0.170570E-2,0.136568E-3,0.717420E-3,0.471708E-4,0.201940E-2,0.00000
0.378074E-2,0.272744E-2,0.269086E-3,0.652066E-4,0.899312E-3,0.00000
0.210884E-2,0.178545E-3,0.157973E-7,0.224601E-2,0.260722E-2,0.00000
0.387235E-3,0.455825E-3,0.901881E-3,0.862477E-3,0.150271E-2,0.00000
0.210498E-2,0.194144E-2,0.800767E-3,0.179666E-2,0.446613E-2,0.00000
0.119316E-2,0.268180E-5,0.169201E-2,0.245905E-2,0.923006E-4,0.00000
0.408685E-3,0.618308E-3,0.221276E-3,0.493833E-3,0.124503E-2,0.768408E-3
0.115325E-2,0.414408E-4,0.782607E-3,0.720487E-3,0.183662E-2,0.00000
0.323778E-2,0.453796E-2,0.539642E-3,0.305407E-2,0.244436E-4,0.00000
0.164169E-5,0.176097E-2,0.231317E-2,0.202830E-2,0.266366E-3,0.00000
0.214606E-1,0.183942E-2,0.174416E-1,0.493774E-3,0.120380E-1,0.00000
0.375086E-3,0.612179E-3,0.109703E-2,0.153698E-3,0.179530E-2,0.742958E-5
0.567644E-3,0.106061E-2,0.455102E-4,0.361437E-3,0.170233E-3,0.00000
0.110553E-2,0.168486E-2,0.139905E-2,0.684239E-3,0.246500E-2,0.00000
0.543364E-7,0.391157E-3,0.266393E-3,0.400027E-3,0.123383E-2,0.217364E-2
NaN,NaN,NaN,NaN,NaN,NaN
0.114728E-2,0.119805E-2,0.549436E-6,0.268876E-3,0.232312E-5,0.241278E-3
0.263761E-4,0.773088E-3,0.943116E-3,0.797688E-3,0.249372E-4,0.00000
0.314857E-5,0.208628E-5,0.208663E-3,0.710493E-3,0.102853E-2,0.174397E-2
NaN,NaN,NaN,NaN,NaN,NaN
0.120310E-3,0.775660E-2,0.00000,0.292089E-2,0.448060E-2,0.278454E-2
0.845137E-4,0.572468E-3,0.192219E-4,0.205214E-2,0.520944E-2,0.00000
0.143312E-2,0.975933E-3,0.126894E-3,0.767185E-3,0.106445E-3,0.00000
0.346075E-3,0.240015E-7,0.439246E-3,0.936053E-3,0.377991E-2,0.847874E-3
NaN,NaN,NaN,NaN,NaN,NaN
0.150697E-2,0.563259E-3,0.412497E-3,0.104680E-3,0.960152E-3,0.00000
NaN,NaN,NaN,NaN,NaN,NaN
0.366129E-2,0.265154E-3,0.980271E-4,0.165134E-3,0.864622E-3,0.00000
0.219739E-2,0.140970E-2,0.429470E-2,0.836229E-3,0.805114E-3,0.00000
0.177509E-2,0.769505E-3,0.585553E-4,0.534232E-3,0.138759E-2,0.00000
NaN,NaN,NaN,NaN,NaN,NaN
0.656970E-2,0.267513E-2,0.979734E-2,0.442649E-2,0.574533E-2,0.00000
0.101812E-2,0.591488E-3,0.520639E-3,0.110632E-2,0.849788E-3,0.00000
0.533499E-3,0.157560E-2,0.517343E-2,0.174582E-2,0.233318E-2,0.00000
0.775102E-3,0.00000,0.162608E-2,0.255917E-2,0.224693E-2,0.211634E-2
0.536541E-3,0.936251E-3,0.114564E-2,0.221239E-3,0.727104E-3,0.00000
0.468940E-3,0.323810E-3,0.983679E-3,0.430441E-3,0.492752E-4,0.116908E-6
0.208673E-2,0.409245E-2,0.918369E-3,0.187230E-5,0.181917E-2,0.154879E-6
0.335300E-2,0.404667E-3,0.245535E-3,0.850221E-3,0.404109E-2,0.712971E-7
0.818531E-3,0.115518E-5,0.432437E-3,0.600065E-2,0.105360E-3,0.360106E-5
